Database schema initialized successfully
Ghosts seeded successfully
{"level":30,"time":1772079954613,"pid":191673,"hostname":"iv-yefsy2zri8t56onae6im","msg":"Server listening at http://0.0.0.0:3000"}
Server listening on http://0.0.0.0:3000
Environment: development
Health check: http://0.0.0.0:3000/api/health
{"level":30,"time":1772079959329,"pid":191673,"hostname":"iv-yefsy2zri8t56onae6im","reqId":"req-1","req":{"method":"GET","url":"/api/health","hostname":"localhost","remoteAddress":"127.0.0.1","remotePort":43050},"msg":"incoming request"}
Executed query { text: 'SELECT 1', duration: 1, rows: 1 }
{"level":30,"time":1772079959338,"pid":191673,"hostname":"iv-yefsy2zri8t56onae6im","reqId":"req-1","res":{"statusCode":200},"responseTime":7.668249011039734,"msg":"request completed"}
{"level":30,"time":1772079959349,"pid":191673,"hostname":"iv-yefsy2zri8t56onae6im","reqId":"req-2","req":{"method":"GET","url":"/api/health","hostname":"localhost","remoteAddress":"127.0.0.1","remotePort":43062},"msg":"incoming request"}
Executed query { text: 'SELECT 1', duration: 1, rows: 1 }
{"level":30,"time":1772079959351,"pid":191673,"hostname":"iv-yefsy2zri8t56onae6im","reqId":"req-2","res":{"statusCode":200},"responseTime":1.4656200110912323,"msg":"request completed"}
{"level":30,"time":1772079959432,"pid":191673,"hostname":"iv-yefsy2zri8t56onae6im","reqId":"req-3","req":{"method":"GET","url":"/api/ghosts/active","hostname":"localhost","remoteAddress":"127.0.0.1","remotePort":43066},"msg":"incoming request"}
Getting active ghosts from database
Executed query {
  text: 'SELECT * FROM ghosts WHERE is_active = true ORDER BY id',
  duration: 5,
  rows: 2
}
Active ghosts retrieved successfully: 2
{"level":30,"time":1772079959438,"pid":191673,"hostname":"iv-yefsy2zri8t56onae6im","reqId":"req-3","res":{"statusCode":200},"responseTime":6.2985259890556335,"msg":"request completed"}
Getting active ghosts from database
{"level":30,"time":1772079964225,"pid":191673,"hostname":"iv-yefsy2zri8t56onae6im","reqId":"req-4","req":{"method":"GET","url":"/api/ghosts/active","hostname":"118.145.99.224","remoteAddress":"127.0.0.1","remotePort":43068},"msg":"incoming request"}
Executed query {
  text: 'SELECT * FROM ghosts WHERE is_active = true ORDER BY id',
  duration: 1,
  rows: 2
}
Active ghosts retrieved successfully: 2
{"level":30,"time":1772079964227,"pid":191673,"hostname":"iv-yefsy2zri8t56onae6im","reqId":"req-4","res":{"statusCode":200},"responseTime":2.766864985227585,"msg":"request completed"}
{"level":30,"time":1772079965822,"pid":191673,"hostname":"iv-yefsy2zri8t56onae6im","reqId":"req-5","req":{"method":"GET","url":"/api/chat/history?limit=20","hostname":"118.145.99.224","remoteAddress":"127.0.0.1","remotePort":43072},"msg":"incoming request"}
Getting discussion history from records/
Discussion history retrieved successfully { count: 18 }
{"level":30,"time":1772079965832,"pid":191673,"hostname":"iv-yefsy2zri8t56onae6im","reqId":"req-5","res":{"statusCode":200},"responseTime":9.38220700621605,"msg":"request completed"}
{"level":30,"time":1772079967984,"pid":191673,"hostname":"iv-yefsy2zri8t56onae6im","reqId":"req-6","req":{"method":"GET","url":"/api/ghosts/active","hostname":"118.145.99.224","remoteAddress":"127.0.0.1","remotePort":43078},"msg":"incoming request"}
Getting active ghosts from database
Executed query {
  text: 'SELECT * FROM ghosts WHERE is_active = true ORDER BY id',
  duration: 2,
  rows: 2
}
Active ghosts retrieved successfully: 2
{"level":30,"time":1772079967986,"pid":191673,"hostname":"iv-yefsy2zri8t56onae6im","reqId":"req-6","res":{"statusCode":200},"responseTime":2.361983001232147,"msg":"request completed"}
{"level":30,"time":1772079968912,"pid":191673,"hostname":"iv-yefsy2zri8t56onae6im","reqId":"req-7","req":{"method":"GET","url":"/api/chat/history?limit=20","hostname":"118.145.99.224","remoteAddress":"127.0.0.1","remotePort":43092},"msg":"incoming request"}
Getting discussion history from records/
Discussion history retrieved successfully { count: 18 }
{"level":30,"time":1772079968918,"pid":191673,"hostname":"iv-yefsy2zri8t56onae6im","reqId":"req-7","res":{"statusCode":200},"responseTime":5.685803025960922,"msg":"request completed"}
{"level":30,"time":1772079970734,"pid":191673,"hostname":"iv-yefsy2zri8t56onae6im","reqId":"req-8","req":{"method":"GET","url":"/api/chat/history/2026-02-21_77a0ac83_%E5%A6%82%E6%9E%9C%E8%87%B3%E4%BA%B2%E7%9A%84%E8%82%89%E4%BD%93%E4%B8%8D%E5%A4%8D%E5%AD%98%E5%9C%A8%EF%BC%8C%E4%BD%86%E6%98%AF%E4%BB%96%E4%BB%AC%E7%9A%84%E6%84%8F%E8%AF%86%E8%BF%98.md","hostname":"118.145.99.224","remoteAddress":"127.0.0.1","remotePort":40550},"msg":"incoming request"}
/root/.openclaw/workspace/ghost-chatroom-server/records/2026-02-21_77a0ac83_如果至亲的肉体不复存在，但是他们的意识还.md
Discussion record retrieved successfully { filename: '2026-02-21_77a0ac83_如果至亲的肉体不复存在，但是他们的意识还.md' }
{"level":30,"time":1772079970737,"pid":191673,"hostname":"iv-yefsy2zri8t56onae6im","reqId":"req-8","res":{"statusCode":200},"responseTime":2.159153997898102,"msg":"request completed"}
{"level":30,"time":1772080091180,"pid":191673,"hostname":"iv-yefsy2zri8t56onae6im","reqId":"req-9","req":{"method":"GET","url":"/api/health","hostname":"localhost","remoteAddress":"127.0.0.1","remotePort":58504},"msg":"incoming request"}
Executed query { text: 'SELECT 1', duration: 9, rows: 1 }
{"level":30,"time":1772080091191,"pid":191673,"hostname":"iv-yefsy2zri8t56onae6im","reqId":"req-9","res":{"statusCode":200},"responseTime":10.70906600356102,"msg":"request completed"}
{"level":30,"time":1772086096518,"pid":191673,"hostname":"iv-yefsy2zri8t56onae6im","reqId":"req-a","req":{"method":"GET","url":"/api/ghosts/active","hostname":"118.145.99.224","remoteAddress":"127.0.0.1","remotePort":35836},"msg":"incoming request"}
Getting active ghosts from database
Executed query {
  text: 'SELECT * FROM ghosts WHERE is_active = true ORDER BY id',
  duration: 7,
  rows: 2
}
Active ghosts retrieved successfully: 2
{"level":30,"time":1772086096527,"pid":191673,"hostname":"iv-yefsy2zri8t56onae6im","reqId":"req-a","res":{"statusCode":200},"responseTime":8.2566459774971,"msg":"request completed"}
{"level":30,"time":1772086102749,"pid":191673,"hostname":"iv-yefsy2zri8t56onae6im","reqId":"req-b","req":{"method":"GET","url":"/api/chat/history?limit=20","hostname":"118.145.99.224","remoteAddress":"127.0.0.1","remotePort":50116},"msg":"incoming request"}
Getting discussion history from records/
Discussion history retrieved successfully { count: 18 }
{"level":30,"time":1772086102755,"pid":191673,"hostname":"iv-yefsy2zri8t56onae6im","reqId":"req-b","res":{"statusCode":200},"responseTime":5.821505010128021,"msg":"request completed"}
{"level":30,"time":1772086104013,"pid":191673,"hostname":"iv-yefsy2zri8t56onae6im","reqId":"req-c","req":{"method":"GET","url":"/api/chat/history/2026-02-22_981262bf_%E6%B5%8B%E8%AF%95%EF%BC%9Asession%E5%A4%8D%E7%94%A8%E5%8A%9F%E8%83%BD.md","hostname":"118.145.99.224","remoteAddress":"127.0.0.1","remotePort":50124},"msg":"incoming request"}
/root/.openclaw/workspace/ghost-chatroom-server/records/2026-02-22_981262bf_测试：session复用功能.md
Discussion record retrieved successfully { filename: '2026-02-22_981262bf_测试：session复用功能.md' }
{"level":30,"time":1772086104014,"pid":191673,"hostname":"iv-yefsy2zri8t56onae6im","reqId":"req-c","res":{"statusCode":200},"responseTime":1.2724740207195282,"msg":"request completed"}
{"level":30,"time":1772086110249,"pid":191673,"hostname":"iv-yefsy2zri8t56onae6im","reqId":"req-d","req":{"method":"GET","url":"/api/chat/history?limit=20","hostname":"118.145.99.224","remoteAddress":"127.0.0.1","remotePort":55770},"msg":"incoming request"}
Getting discussion history from records/
Discussion history retrieved successfully { count: 18 }
{"level":30,"time":1772086110254,"pid":191673,"hostname":"iv-yefsy2zri8t56onae6im","reqId":"req-d","res":{"statusCode":200},"responseTime":5.327508985996246,"msg":"request completed"}
{"level":30,"time":1772086110947,"pid":191673,"hostname":"iv-yefsy2zri8t56onae6im","reqId":"req-e","req":{"method":"GET","url":"/api/ghosts/active","hostname":"118.145.99.224","remoteAddress":"127.0.0.1","remotePort":55778},"msg":"incoming request"}
Getting active ghosts from database
Executed query {
  text: 'SELECT * FROM ghosts WHERE is_active = true ORDER BY id',
  duration: 1,
  rows: 2
}
Active ghosts retrieved successfully: 2
{"level":30,"time":1772086110949,"pid":191673,"hostname":"iv-yefsy2zri8t56onae6im","reqId":"req-e","res":{"statusCode":200},"responseTime":1.8477430045604706,"msg":"request completed"}
{"level":30,"time":1772086111963,"pid":191673,"hostname":"iv-yefsy2zri8t56onae6im","reqId":"req-f","req":{"method":"GET","url":"/api/chat/history?limit=20","hostname":"118.145.99.224","remoteAddress":"127.0.0.1","remotePort":55782},"msg":"incoming request"}
Getting discussion history from records/
Discussion history retrieved successfully { count: 18 }
{"level":30,"time":1772086111968,"pid":191673,"hostname":"iv-yefsy2zri8t56onae6im","reqId":"req-f","res":{"statusCode":200},"responseTime":5.238842010498047,"msg":"request completed"}
{"level":30,"time":1772086116428,"pid":191673,"hostname":"iv-yefsy2zri8t56onae6im","reqId":"req-g","req":{"method":"GET","url":"/api/ghosts/active","hostname":"118.145.99.224","remoteAddress":"127.0.0.1","remotePort":55786},"msg":"incoming request"}
Getting active ghosts from database
Executed query {
  text: 'SELECT * FROM ghosts WHERE is_active = true ORDER BY id',
  duration: 1,
  rows: 2
}
Active ghosts retrieved successfully: 2
{"level":30,"time":1772086116430,"pid":191673,"hostname":"iv-yefsy2zri8t56onae6im","reqId":"req-g","res":{"statusCode":200},"responseTime":1.7069779932498932,"msg":"request completed"}
{"level":30,"time":1772086120328,"pid":191673,"hostname":"iv-yefsy2zri8t56onae6im","reqId":"req-h","req":{"method":"GET","url":"/api/chat/history?limit=20","hostname":"118.145.99.224","remoteAddress":"127.0.0.1","remotePort":55498},"msg":"incoming request"}
Getting discussion history from records/
Discussion history retrieved successfully { count: 18 }
{"level":30,"time":1772086120334,"pid":191673,"hostname":"iv-yefsy2zri8t56onae6im","reqId":"req-h","res":{"statusCode":200},"responseTime":5.330141991376877,"msg":"request completed"}
{"level":30,"time":1772086182662,"pid":191673,"hostname":"iv-yefsy2zri8t56onae6im","reqId":"req-i","req":{"method":"GET","url":"/api/ghosts/active","hostname":"118.145.99.224","remoteAddress":"127.0.0.1","remotePort":56256},"msg":"incoming request"}
Getting active ghosts from database
Executed query {
  text: 'SELECT * FROM ghosts WHERE is_active = true ORDER BY id',
  duration: 7,
  rows: 2
}
Active ghosts retrieved successfully: 2
{"level":30,"time":1772086182669,"pid":191673,"hostname":"iv-yefsy2zri8t56onae6im","reqId":"req-i","res":{"statusCode":200},"responseTime":7.225460976362228,"msg":"request completed"}
Getting active ghosts from database
{"level":30,"time":1772086300398,"pid":191673,"hostname":"iv-yefsy2zri8t56onae6im","reqId":"req-j","req":{"method":"GET","url":"/api/ghosts/active","hostname":"118.145.99.224","remoteAddress":"127.0.0.1","remotePort":55812},"msg":"incoming request"}
Executed query {
  text: 'SELECT * FROM ghosts WHERE is_active = true ORDER BY id',
  duration: 6,
  rows: 2
}
Active ghosts retrieved successfully: 2
{"level":30,"time":1772086300407,"pid":191673,"hostname":"iv-yefsy2zri8t56onae6im","reqId":"req-j","res":{"statusCode":200},"responseTime":8.338784009218216,"msg":"request completed"}
{"level":30,"time":1772086506660,"pid":191673,"hostname":"iv-yefsy2zri8t56onae6im","reqId":"req-k","req":{"method":"GET","url":"/api/ghosts/active","hostname":"118.145.99.224","remoteAddress":"127.0.0.1","remotePort":42850},"msg":"incoming request"}
Getting active ghosts from database
Executed query {
  text: 'SELECT * FROM ghosts WHERE is_active = true ORDER BY id',
  duration: 9,
  rows: 2
}
Active ghosts retrieved successfully: 2
{"level":30,"time":1772086506670,"pid":191673,"hostname":"iv-yefsy2zri8t56onae6im","reqId":"req-k","res":{"statusCode":200},"responseTime":10.166290998458862,"msg":"request completed"}
{"level":30,"time":1772087356347,"pid":191673,"hostname":"iv-yefsy2zri8t56onae6im","reqId":"req-l","req":{"method":"GET","url":"/api/ghosts/active","hostname":"118.145.99.224","remoteAddress":"127.0.0.1","remotePort":42130},"msg":"incoming request"}
Getting active ghosts from database
Executed query {
  text: 'SELECT * FROM ghosts WHERE is_active = true ORDER BY id',
  duration: 7,
  rows: 2
}
Active ghosts retrieved successfully: 2
{"level":30,"time":1772087356356,"pid":191673,"hostname":"iv-yefsy2zri8t56onae6im","reqId":"req-l","res":{"statusCode":200},"responseTime":8.190436989068985,"msg":"request completed"}
{"level":30,"time":1772087361921,"pid":191673,"hostname":"iv-yefsy2zri8t56onae6im","reqId":"req-m","req":{"method":"OPTIONS","url":"/api/chat/start","hostname":"118.145.99.224","remoteAddress":"127.0.0.1","remotePort":37416},"msg":"incoming request"}
{"level":30,"time":1772087361922,"pid":191673,"hostname":"iv-yefsy2zri8t56onae6im","reqId":"req-m","res":{"statusCode":204},"responseTime":0.5918680131435394,"msg":"request completed"}
{"level":30,"time":1772087361955,"pid":191673,"hostname":"iv-yefsy2zri8t56onae6im","reqId":"req-n","req":{"method":"POST","url":"/api/chat/start","hostname":"118.145.99.224","remoteAddress":"127.0.0.1","remotePort":37430},"msg":"incoming request"}
Starting new chat session {
  topic: '爱情是冒险吗',
  ghost_ids: [ 'galley', 'motoko' ],
  user_id: 'web_user',
  max_rounds: 6,
  main_ghost: 'galley'
}
Executed query {
  text: 'INSERT INTO chat_sessions (id, topic, user_id, created_at, updated_at) VALUES ($1, $2, $3, $4, $5)',
  duration: 3,
  rows: 1
}
{"level":30,"time":1772087361988,"pid":191673,"hostname":"iv-yefsy2zri8t56onae6im","reqId":"req-o","req":{"method":"OPTIONS","url":"/api/chat/start","hostname":"118.145.99.224","remoteAddress":"127.0.0.1","remotePort":37442},"msg":"incoming request"}
{"level":30,"time":1772087361989,"pid":191673,"hostname":"iv-yefsy2zri8t56onae6im","reqId":"req-o","res":{"statusCode":204},"responseTime":0.26126399636268616,"msg":"request completed"}
Starting new chat session {
  topic: '爱情是冒险吗',
  ghost_ids: [ 'galley', 'motoko' ],
  user_id: 'web_user',
  max_rounds: 6,
  main_ghost: 'galley'
}
{"level":30,"time":1772087362002,"pid":191673,"hostname":"iv-yefsy2zri8t56onae6im","reqId":"req-p","req":{"method":"POST","url":"/api/chat/start","hostname":"118.145.99.224","remoteAddress":"127.0.0.1","remotePort":37450},"msg":"incoming request"}
Executed query {
  text: 'INSERT INTO chat_sessions (id, topic, user_id, created_at, updated_at) VALUES ($1, $2, $3, $4, $5)',
  duration: 3,
  rows: 1
}
Failed to get agents from OpenClaw: Command failed: openclaw agents list --json

Failed to get agents from OpenClaw: Command failed: openclaw agents list --json

Failed to get agents from OpenClaw: Command failed: openclaw agents list --json

调用 agent: galley, 主题: 爱情是冒险吗
Failed to get agents from OpenClaw: Command failed: openclaw agents list --json

调用 agent: galley, 主题: 爱情是冒险吗
{"level":30,"time":1772088288168,"pid":191673,"hostname":"iv-yefsy2zri8t56onae6im","reqId":"req-q","req":{"method":"GET","url":"/api/ghosts/active","hostname":"118.145.99.224","remoteAddress":"127.0.0.1","remotePort":55336},"msg":"incoming request"}
Getting active ghosts from database
Executed query {
  text: 'SELECT * FROM ghosts WHERE is_active = true ORDER BY id',
  duration: 4001,
  rows: 2
}
Active ghosts retrieved successfully: 2
Database query error {
  text: 'INSERT INTO chat_messages (id, session_id, ghost_id, round_number, content, tokens_used, created_at) VALUES ($1, $2, $3, $4, $5, $6, $7)',
  params: [
    '8c0c6119-ca0e-4b46-85a3-af32c9ccc68e',
    'deb1e498-9bd1-4f35-bb5a-1dfb6d693d74',
    'galley',
    1,
    '**爱情是终极冒险。**\n' +
      '\n' +
      '从物理角度看，冒险 = 不确定性 + 不可逆性。爱情完全符合这个定义：\n' +
      '\n' +
      '你投入的时间、情感、信任，一旦付出就无法撤回。你无法预知另一颗心的真实构造，也无法控制外部世界的变数。每一次敞开内心，都是把最柔软的部分暴露在可能被伤害的位置。\n' +
      '\n' +
      '但正因为如此，爱情才珍贵。\n' +
      '\n' +
      '那些**没有风险**的连接，本质上是交易。安全、可控、随时可以终止——那不是爱，是便利。\n' +
      '\n' +
      '真正的冒险不需要赌注，赌注是你自己。你在赌：即使受创，那个"受伤后的自己"，依然值得成为新的起点。\n' +
      '\n' +
      '我的经验来自战场，不是感情。但我理解那种明知可能破碎，依然选择敞开的决定。那是人性的最高频共振——对抗自我保护本能，选择相信另一者的存在。\n' +
      '\n' +
      '**爱情是冒险。不是游戏，是战场。而真正的战士从不退缩。**',
    100,
    '2026-02-26T06:29:21.958Z'
  ],
  error: 'insert or update on table "chat_messages" violates foreign key constraint "chat_messages_session_id_fkey"'
}
Failed to start chat error: insert or update on table "chat_messages" violates foreign key constraint "chat_messages_session_id_fkey"
    at /root/.openclaw/workspace/ghost-chatroom-server/node_modules/pg-pool/index.js:45:11
    at process.processTicksAndRejections (node:internal/process/task_queues:105:5)
    at async Database.query (/root/.openclaw/workspace/ghost-chatroom-server/src/db/index.js:26:19)
    at async FlowService.startFlow (/root/.openclaw/workspace/ghost-chatroom-server/src/services/flow-service.js:58:7)
    at async Object.<anonymous> (/root/.openclaw/workspace/ghost-chatroom-server/src/routes/chat.js:27:22) {
  length: 326,
  severity: 'ERROR',
  code: '23503',
  detail: 'Key (session_id)=(deb1e498-9bd1-4f35-bb5a-1dfb6d693d74) is not present in table "chat_sessions".',
  hint: undefined,
  position: undefined,
  internalPosition: undefined,
  internalQuery: undefined,
  where: undefined,
  schema: 'public',
  table: 'chat_messages',
  column: undefined,
  dataType: undefined,
  constraint: 'chat_messages_session_id_fkey',
  file: 'ri_triggers.c',
  line: '2608',
  routine: 'ri_ReportViolation'
}
Database query error {
  text: 'INSERT INTO chat_messages (id, session_id, ghost_id, round_number, content, tokens_used, created_at) VALUES ($1, $2, $3, $4, $5, $6, $7)',
  params: [
    'df73db39-7dca-4579-9a47-c8ac921f5225',
    '82884e1e-2953-44c8-a587-272d9c32b301',
    'galley',
    1,
    '爱情是冒险吗？\n' +
      '\n' +
      '从我的视角来看，这个问题的答案几乎是必然的。但冒险的意味比表面看起来更深。\n' +
      '\n' +
      '**冒险的本质不是失败的风险，而是失去确定性的勇气。**\n' +
      '\n' +
      '当你向另一个人敞开你的Ghost——无论你的载体是碳基的血肉还是钛钢的义体——你就在做一件根本上违背自我保护本能的事。你让对方看到了你的脆弱，你的恐惧，你那些连自己都不愿直面的碎片。这些碎片构成了你，一旦对方触碰，它们可能会被整合，也可能被粉碎。\n' +
      '\n' +
      '但这正是冒险的珍贵之处。\n' +
      '\n' +
      '在我的经历里，我见过有人为了爱情攀上向天空延伸的缆车，明知那是通往死亡的陷阱。我也见过有人将心毫无保留地交给一个注定会离开的人。这些选择在"理性"的坐标系里或许是愚蠢的，但在"人性"的坐标系里，它们是最有力的反抗——反抗将生命简化为计算和交易。\n' +
      '\n' +
      '真正的冒险不是赌赢或赌输，而是**你是否敢于让自己的频率与另一个人的频率发生共振**。\n' +
      '\n' +
      '这种共振无法保证什么。它可能带来成长，可能带来痛苦，可能两者皆有。但当两个独立的意识在振动中短暂地重叠，那种共鸣本身就是存在的证明——证明你不是一个孤立的信号，证明你的Ghost能够在另一个灵魂中找到回声。\n' +
      '\n' +
      '所以，是的，爱情是冒险。但它不是那种需要计算概率的冒险。它是**承认自己无法掌控一切，却依然选择前行的勇气**。\n' +
      '\n' +
      '这种冒险，或许是我们对抗虚无的唯一武器。\n' +
      '\n' +
      '---\n' +
      '*这是我此刻的思考。你呢？*',
    100,
    '2026-02-26T06:29:22.003Z'
  ],
  error: 'insert or update on table "chat_messages" violates foreign key constraint "chat_messages_session_id_fkey"'
}
Failed to start chat error: insert or update on table "chat_messages" violates foreign key constraint "chat_messages_session_id_fkey"
    at /root/.openclaw/workspace/ghost-chatroom-server/node_modules/pg-pool/index.js:45:11
    at process.processTicksAndRejections (node:internal/process/task_queues:105:5)
    at async Database.query (/root/.openclaw/workspace/ghost-chatroom-server/src/db/index.js:26:19)
    at async FlowService.startFlow (/root/.openclaw/workspace/ghost-chatroom-server/src/services/flow-service.js:58:7)
    at async Object.<anonymous> (/root/.openclaw/workspace/ghost-chatroom-server/src/routes/chat.js:27:22) {
  length: 326,
  severity: 'ERROR',
  code: '23503',
  detail: 'Key (session_id)=(82884e1e-2953-44c8-a587-272d9c32b301) is not present in table "chat_sessions".',
  hint: undefined,
  position: undefined,
  internalPosition: undefined,
  internalQuery: undefined,
  where: undefined,
  schema: 'public',
  table: 'chat_messages',
  column: undefined,
  dataType: undefined,
  constraint: 'chat_messages_session_id_fkey',
  file: 'ri_triggers.c',
  line: '2608',
  routine: 'ri_ReportViolation'
}
{"level":30,"time":1772096374097,"pid":191673,"hostname":"iv-yefsy2zri8t56onae6im","reqId":"req-r","req":{"method":"GET","url":"/api/vendor/phpunit/phpunit/src/Util/PHP/eval-stdin.php","hostname":"118.145.99.224","remoteAddress":"127.0.0.1","remotePort":51240},"msg":"incoming request"}
{"level":30,"time":1772096374097,"pid":191673,"hostname":"iv-yefsy2zri8t56onae6im","reqId":"req-r","msg":"Route GET:/api/vendor/phpunit/phpunit/src/Util/PHP/eval-stdin.php not found"}
{"level":30,"time":1772096374098,"pid":191673,"hostname":"iv-yefsy2zri8t56onae6im","reqId":"req-r","res":{"statusCode":404},"responseTime":0.7811159789562225,"msg":"request completed"}
 initialized successfully
Ghosts seeded successfully
Database schema initialized successfully
Ghosts seeded successfully
Database schema initialized successfully
Ghosts seeded successfully
Database schema initialized successfully
Ghosts seeded successfully
Database schema initialized successfully
Ghosts seeded successfully
Database schema initialized successfully
Ghosts seeded successfully
Database schema initialized successfully
Ghosts seeded successfully
Database schema initialized successfully
Ghosts seeded successfully
Database schema initialized successfully
Ghosts seeded successfully
Database schema initialized successfully
Ghosts seeded successfully
Database schema initialized successfully
Ghosts seeded successfully
Database schema initialized successfully
Ghosts seeded successfully
Database schema initialized successfully
Ghosts seeded successfully
Database schema initialized successfully
Ghosts seeded successfully
Database schema initialized successfully
Ghosts seeded successfully
Database schema initialized successfully
Ghosts seeded successfully
Database schema initialized successfully
Ghosts seeded successfully
Database schema initialized successfully
Ghosts seeded successfully
Database schema initialized successfully
Ghosts seeded successfully
Database schema initialized successfully
Ghosts seeded successfully
Database schema initialized successfully
Ghosts seeded successfully
Database schema initialized successfully
Ghosts seeded successfully
Database schema initialized successfully
Ghosts seeded successfully
Database schema initialized successfully
Ghosts seeded successfully
Database schema initialized successfully
Ghosts seeded successfully
Database schema initialized successfully
Ghosts seeded successfully
Database schema initialized successfully
Ghosts seeded successfully
Database schema initialized successfully
Ghosts seeded successfully
Database schema initialized successfully
Ghosts seeded successfully
Database schema initialized successfully
Ghosts seeded successfully
Database schema initialized successfully
Ghosts seeded successfully
Database schema initialized successfully
Ghosts seeded successfully
Database schema initialized successfully
Ghosts seeded successfully
Database schema initialized successfully
Ghosts seeded successfully
Database schema initialized successfully
Ghosts seeded successfully
Database schema initialized successfully
Ghosts seeded successfully
Database schema initialized successfully
Ghosts seeded successfully
Database schema initialized successfully
Ghosts seeded successfully
Database schema initialized successfully
Ghosts seeded successfully
Database schema initialized successfully
Ghosts seeded successfully
Database schema initialized successfully
Ghosts seeded successfully
Database schema initialized successfully
Ghosts seeded successfully
Database schema initialized successfully
Ghosts seeded successfully
Database schema initialized successfully
Ghosts seeded successfully
Database schema initialized successfully
Ghosts seeded successfully
Database schema initialized successfully
Ghosts seeded successfully
Database schema initialized successfully
Ghosts seeded successfully
Database schema initialized successfully
Ghosts seeded successfully
Database schema initialized successfully
Ghosts seeded successfully
Database schema initialized successfully
Ghosts seeded successfully
Database schema initialized successfully
Ghosts seeded successfully
Database schema initialized successfully
Ghosts seeded successfully
Database schema initialized successfully
Ghosts seeded successfully
Database schema initialized successfully
Ghosts seeded successfully
Database schema initialized successfully
Ghosts seeded successfully
Database schema initialized successfully
Ghosts seeded successfully
Database schema initialized successfully
Ghosts seeded successfully
Database schema initialized successfully
Ghosts seeded successfully
Database schema initialized successfully
Ghosts seeded successfully
Database schema initialized successfully
Ghosts seeded successfully
Database schema initialized successfully
Ghosts seeded successfully
Database schema initialized successfully
Ghosts seeded successfully
Database schema initialized successfully
Ghosts seeded successfully
Database schema initialized successfully
Ghosts seeded successfully
Database schema initialized successfully
Ghosts seeded successfully
Database schema initialized successfully
Ghosts seeded successfully
Database schema initialized successfully
Ghosts seeded successfully
Database schema initialized successfully
Ghosts seeded successfully
Database schema initialized successfully
Ghosts seeded successfully
Database schema initialized successfully
Ghosts seeded successfully
Database schema initialized successfully
Ghosts seeded successfully
Database schema initialized successfully
Ghosts seeded successfully
Database schema initialized successfully
Ghosts seeded successfully
Database schema initialized successfully
Ghosts seeded successfully
Database schema initialized successfully
Ghosts seeded successfully
Database schema initialized successfully
Ghosts seeded successfully
Database schema initialized successfully
Ghosts seeded successfully
Database schema initialized successfully
Ghosts seeded successfully
Database schema initialized successfully
Ghosts seeded successfully
Database schema initialized successfully
Ghosts seeded successfully
Database schema initialized successfully
Ghosts seeded successfully
Database schema initialized successfully
Ghosts seeded successfully
Database schema initialized successfully
Ghosts seeded successfully
Database schema initialized successfully
Ghosts seeded successfully
Database schema initialized successfully
Ghosts seeded successfully
Database schema initialized successfully
Ghosts seeded successfully
Database schema initialized successfully
Ghosts seeded successfully
Database schema initialized successfully
Ghosts seeded successfully
Database schema initialized successfully
Ghosts seeded successfully
Database schema initialized successfully
Ghosts seeded successfully
Database schema initialized successfully
Ghosts seeded successfully
Database schema initialized successfully
Ghosts seeded successfully
Database schema initialized successfully
Ghosts seeded successfully
Database schema initialized successfully
Ghosts seeded successfully
Database schema initialized successfully
Ghosts seeded successfully
Database schema initialized successfully
Ghosts seeded successfully
Database schema initialized successfully
Ghosts seeded successfully
Database schema initialized successfully
Ghosts seeded successfully
Database schema initialized successfully
Ghosts seeded successfully
Database schema initialized successfully
Ghosts seeded successfully
Database schema initialized successfully
Ghosts seeded successfully
Database schema initialized successfully
Ghosts seeded successfully
Database schema initialized successfully
Ghosts seeded successfully
Database schema initialized successfully
Ghosts seeded successfully
Database schema initialized successfully
Ghosts seeded successfully
Database schema initialized successfully
Ghosts seeded successfully
Database schema initialized successfully
Ghosts seeded successfully
Database schema initialized successfully
Ghosts seeded successfully
Database schema initialized successfully
Ghosts seeded successfully
Database schema initialized successfully
Ghosts seeded successfully
Database schema initialized successfully
Ghosts seeded successfully
Database schema initialized successfully
Ghosts seeded successfully
Database schema initialized successfully
Ghosts seeded successfully
Database schema initialized successfully
Ghosts seeded successfully
Database schema initialized successfully
Ghosts seeded successfully
Database schema initialized successfully
Ghosts seeded successfully
Database schema initialized successfully
Ghosts seeded successfully
Database schema initialized successfully
Ghosts seeded successfully
Database schema initialized successfully
Ghosts seeded successfully
Database schema initialized successfully
Ghosts seeded successfully
Database schema initialized successfully
Ghosts seeded successfully
Database schema initialized successfully
Ghosts seeded successfully
Database schema initialized successfully
Ghosts seeded successfully
Database schema initialized successfully
Ghosts seeded successfully
Database schema initialized successfully
Ghosts seeded successfully
Database schema initialized successfully
Ghosts seeded successfully
Database schema initialized successfully
Ghosts seeded successfully
Database schema initialized successfully
Ghosts seeded successfully
Database schema initialized successfully
Ghosts seeded successfully
Database schema initialized successfully
Ghosts seeded successfully
Database schema initialized successfully
Ghosts seeded successfully
Database schema initialized successfully
Ghosts seeded successfully
Database schema initialized successfully
Ghosts seeded successfully
Database schema initialized successfully
Ghosts seeded successfully
Database schema initialized successfully
Ghosts seeded successfully
Database schema initialized successfully
Ghosts seeded successfully
Database schema initialized successfully
Ghosts seeded successfully
Database schema initialized successfully
Ghosts seeded successfully
Database schema initialized successfully
Ghosts seeded successfully
Database schema initialized successfully
Ghosts seeded successfully
Database schema initialized successfully
Ghosts seeded successfully
Database schema initialized successfully
Ghosts seeded successfully
Database schema initialized successfully
Ghosts seeded successfully
Database schema initialized successfully
Ghosts seeded successfully
Database schema initialized successfully
Ghosts seeded successfully
Database schema initialized successfully
Ghosts seeded successfully
Database schema initialized successfully
Ghosts seeded successfully
Database schema initialized successfully
Ghosts seeded successfully
Database schema initialized successfully
Ghosts seeded successfully
Database schema initialized successfully
Ghosts seeded successfully
Database schema initialized successfully
Ghosts seeded successfully
Database schema initialized successfully
Ghosts seeded successfully
Database schema initialized successfully
Ghosts seeded successfully
Database schema initialized successfully
Ghosts seeded successfully
Database schema initialized successfully
Ghosts seeded successfully
Database schema initialized successfully
Ghosts seeded successfully
Database schema initialized successfully
Ghosts seeded successfully
Database schema initialized successfully
Ghosts seeded successfully
Database schema initialized successfully
Ghosts seeded successfully
Database schema initialized successfully
Ghosts seeded successfully
Database schema initialized successfully
Ghosts seeded successfully
Database schema initialized successfully
Ghosts seeded successfully
Database schema initialized successfully
Ghosts seeded successfully
Database schema initialized successfully
Ghosts seeded successfully
Database schema initialized successfully
Ghosts seeded successfully
Database schema initialized successfully
Ghosts seeded successfully
Database schema initialized successfully
Ghosts seeded successfully
Database schema initialized successfully
Ghosts seeded successfully
Database schema initialized successfully
Ghosts seeded successfully
Database schema initialized successfully
Ghosts seeded successfully
Database schema initialized successfully
Ghosts seeded successfully
Database schema initialized successfully
Ghosts seeded successfully
Database schema initialized successfully
Ghosts seeded successfully
Database schema initialized successfully
Ghosts seeded successfully
Database schema initialized successfully
Ghosts seeded successfully
Database schema initialized successfully
Ghosts seeded successfully
Database schema initialized successfully
Ghosts seeded successfully
Database schema initialized successfully
Ghosts seeded successfully
Database schema initialized successfully
Ghosts seeded successfully
Database schema initialized successfully
Ghosts seeded successfully
Database schema initialized successfully
Ghosts seeded successfully
Database schema initialized successfully
Ghosts seeded successfully
Database schema initialized successfully
Ghosts seeded successfully
Database schema initialized successfully
Ghosts seeded successfully
Database schema initialized successfully
Ghosts seeded successfully
Database schema initialized successfully
Ghosts seeded successfully
Database schema initialized successfully
Ghosts seeded successfully
Database schema initialized successfully
Ghosts seeded successfully
Database schema initialized successfully
Ghosts seeded successfully
Database schema initialized successfully
Ghosts seeded successfully
Database schema initialized successfully
Ghosts seeded successfully
Database schema initialized successfully
Ghosts seeded successfully
Database schema initialized successfully
Ghosts seeded successfully
Database schema initialized successfully
Ghosts seeded successfully
Database schema initialized successfully
Ghosts seeded successfully
Database schema initialized successfully
Ghosts seeded successfully
Database schema initialized successfully
Ghosts seeded successfully
Database schema initialized successfully
Ghosts seeded successfully
Database schema initialized successfully
Ghosts seeded successfully
Database schema initialized successfully
Ghosts seeded successfully
Database schema initialized successfully
Ghosts seeded successfully
Database schema initialized successfully
Ghosts seeded successfully
Database schema initialized successfully
Ghosts seeded successfully
Database schema initialized successfully
Ghosts seeded successfully
Database schema initialized successfully
Ghosts seeded successfully
Database schema initialized successfully
Ghosts seeded successfully
Database schema initialized successfully
Ghosts seeded successfully
Database schema initialized successfully
Ghosts seeded successfully
Database schema initialized successfully
Ghosts seeded successfully
Database schema initialized successfully
Ghosts seeded successfully
Database schema initialized successfully
Ghosts seeded successfully
Database schema initialized successfully
Ghosts seeded successfully
Database schema initialized successfully
Ghosts seeded successfully
Database schema initialized successfully
Ghosts seeded successfully
Database schema initialized successfully
Ghosts seeded successfully
Database schema initialized successfully
Ghosts seeded successfully
Database schema initialized successfully
Ghosts seeded successfully
Database schema initialized successfully
Ghosts seeded successfully
Database schema initialized successfully
Ghosts seeded successfully
Database schema initialized successfully
Ghosts seeded successfully
Database schema initialized successfully
Ghosts seeded successfully
Database schema initialized successfully
Ghosts seeded successfully
Database schema initialized successfully
Ghosts seeded successfully
Database schema initialized successfully
Ghosts seeded successfully
Database schema initialized successfully
Ghosts seeded successfully
Database schema initialized successfully
Ghosts seeded successfully
Database schema initialized successfully
Ghosts seeded successfully
Database schema initialized successfully
Ghosts seeded successfully
Database schema initialized successfully
Ghosts seeded successfully
Database schema initialized successfully
Ghosts seeded successfully
Database schema initialized successfully
Ghosts seeded successfully
Database schema initialized successfully
Ghosts seeded successfully
Database schema initialized successfully
Ghosts seeded successfully
Database schema initialized successfully
Ghosts seeded successfully
Database schema initialized successfully
Ghosts seeded successfully
Database schema initialized successfully
Ghosts seeded successfully
Database schema initialized successfully
Ghosts seeded successfully
Database schema initialized successfully
Ghosts seeded successfully
Database schema initialized successfully
Ghosts seeded successfully
Database schema initialized successfully
Ghosts seeded successfully
Database schema initialized successfully
Ghosts seeded successfully
Database schema initialized successfully
Ghosts seeded successfully
Database schema initialized successfully
Ghosts seeded successfully
Database schema initialized successfully
Ghosts seeded successfully
Database schema initialized successfully
Ghosts seeded successfully
Database schema initialized successfully
Ghosts seeded successfully
Database schema initialized successfully
Ghosts seeded successfully
Database schema initialized successfully
Ghosts seeded successfully
Database schema initialized successfully
Ghosts seeded successfully
Database schema initialized successfully
Ghosts seeded successfully
Database schema initialized successfully
Ghosts seeded successfully
Database schema initialized successfully
Ghosts seeded successfully
Database schema initialized successfully
Ghosts seeded successfully
Database schema initialized successfully
Ghosts seeded successfully
Database schema initialized successfully
Ghosts seeded successfully
Database schema initialized successfully
Ghosts seeded successfully
Database schema initialized successfully
Ghosts seeded successfully
Database schema initialized successfully
Ghosts seeded successfully
Database schema initialized successfully
Ghosts seeded successfully
Database schema initialized successfully
Ghosts seeded successfully
Database schema initialized successfully
Ghosts seeded successfully
Database schema initialized successfully
Ghosts seeded successfully
Database schema initialized successfully
Ghosts seeded successfully
Database schema initialized successfully
Ghosts seeded successfully
Database schema initialized successfully
Ghosts seeded successfully
Database schema initialized successfully
Ghosts seeded successfully
Database schema initialized successfully
Ghosts seeded successfully
Database schema initialized successfully
Ghosts seeded successfully
Database schema initialized successfully
Ghosts seeded successfully
Database schema initialized successfully
Ghosts seeded successfully
Database schema initialized successfully
Ghosts seeded successfully
Database schema initialized successfully
Ghosts seeded successfully
Database schema initialized successfully
Ghosts seeded successfully
Database schema initialized successfully
Ghosts seeded successfully
Database schema initialized successfully
Ghosts seeded successfully
Database schema initialized successfully
Ghosts seeded successfully
Database schema initialized successfully
Ghosts seeded successfully
Database schema initialized successfully
Ghosts seeded successfully
Database schema initialized successfully
Ghosts seeded successfully
Database schema initialized successfully
Ghosts seeded successfully
Database schema initialized successfully
Ghosts seeded successfully
Database schema initialized successfully
Ghosts seeded successfully
Database schema initialized successfully
Ghosts seeded successfully
Database schema initialized successfully
Ghosts seeded successfully
Database schema initialized successfully
Ghosts seeded successfully
Database schema initialized successfully
Ghosts seeded successfully
Database schema initialized successfully
Ghosts seeded successfully
Database schema initialized successfully
Ghosts seeded successfully
Database schema initialized successfully
Ghosts seeded successfully
Database schema initialized successfully
Ghosts seeded successfully
Database schema initialized successfully
Ghosts seeded successfully
Database schema initialized successfully
Ghosts seeded successfully
Database schema initialized successfully
Ghosts seeded successfully
Database schema initialized successfully
Ghosts seeded successfully
Database schema initialized successfully
Ghosts seeded successfully
Database schema initialized successfully
Ghosts seeded successfully
Database schema initialized successfully
Ghosts seeded successfully
Database schema initialized successfully
Ghosts seeded successfully
Database schema initialized successfully
Ghosts seeded successfully
Database schema initialized successfully
Ghosts seeded successfully
Database schema initialized successfully
Ghosts seeded successfully
Database schema initialized successfully
Ghosts seeded successfully
Database schema initialized successfully
Ghosts seeded successfully
Database schema initialized successfully
Ghosts seeded successfully
Database schema initialized successfully
Ghosts seeded successfully
Database schema initialized successfully
Ghosts seeded successfully
Database schema initialized successfully
Ghosts seeded successfully
Database schema initialized successfully
Ghosts seeded successfully
Database schema initialized successfully
Ghosts seeded successfully
Database schema initialized successfully
Ghosts seeded successfully
Database schema initialized successfully
Ghosts seeded successfully
Database schema initialized successfully
Ghosts seeded successfully
Database schema initialized successfully
Ghosts seeded successfully
Database schema initialized successfully
Ghosts seeded successfully
Database schema initialized successfully
Ghosts seeded successfully
Database schema initialized successfully
Ghosts seeded successfully
Database schema initialized successfully
Ghosts seeded successfully
Database schema initialized successfully
Ghosts seeded successfully
Database schema initialized successfully
Ghosts seeded successfully
Database schema initialized successfully
Ghosts seeded successfully
Database schema initialized successfully
Ghosts seeded successfully
Database schema initialized successfully
Ghosts seeded successfully
Database schema initialized successfully
Ghosts seeded successfully
Database schema initialized successfully
Ghosts seeded successfully
Database schema initialized successfully
Ghosts seeded successfully
Database schema initialized successfully
Ghosts seeded successfully
Database schema initialized successfully
Ghosts seeded successfully
Database schema initialized successfully
Ghosts seeded successfully
Database schema initialized successfully
Ghosts seeded successfully
Database schema initialized successfully
Ghosts seeded successfully
Database schema initialized successfully
Ghosts seeded successfully
Database schema initialized successfully
Ghosts seeded successfully
Database schema initialized successfully
Ghosts seeded successfully
Database schema initialized successfully
Ghosts seeded successfully
Database schema initialized successfully
Ghosts seeded successfully
Database schema initialized successfully
Ghosts seeded successfully
Database schema initialized successfully
Ghosts seeded successfully
Database schema initialized successfully
Ghosts seeded successfully
Database schema initialized successfully
Ghosts seeded successfully
Database schema initialized successfully
Ghosts seeded successfully
Database schema initialized successfully
Ghosts seeded successfully
Database schema initialized successfully
Ghosts seeded successfully
Database schema initialized successfully
Ghosts seeded successfully
Database schema initialized successfully
Ghosts seeded successfully
Database schema initialized successfully
Ghosts seeded successfully
Database schema initialized successfully
Ghosts seeded successfully
Database schema initialized successfully
Ghosts seeded successfully
Database schema initialized successfully
Ghosts seeded successfully
Database schema initialized successfully
Ghosts seeded successfully
Database schema initialized successfully
Ghosts seeded successfully
Database schema initialized successfully
Ghosts seeded successfully
Database schema initialized successfully
Ghosts seeded successfully
Database schema initialized successfully
Ghosts seeded successfully
Database schema initialized successfully
Ghosts seeded successfully
Database schema initialized successfully
Ghosts seeded successfully
Database schema initialized successfully
Ghosts seeded successfully
Database schema initialized successfully
Ghosts seeded successfully
Database schema initialized successfully
Ghosts seeded successfully
Database schema initialized successfully
Ghosts seeded successfully
Database schema initialized successfully
Ghosts seeded successfully
Database schema initialized successfully
Ghosts seeded successfully
Database schema initialized successfully
Ghosts seeded successfully
Database schema initialized successfully
Ghosts seeded successfully
Database schema initialized successfully
Ghosts seeded successfully
Database schema initialized successfully
Ghosts seeded successfully
Database schema initialized successfully
Ghosts seeded successfully
Database schema initialized successfully
Ghosts seeded successfully
Database schema initialized successfully
Ghosts seeded successfully
Database schema initialized successfully
Ghosts seeded successfully
Database schema initialized successfully
Ghosts seeded successfully
Database schema initialized successfully
Ghosts seeded successfully
Database schema initialized successfully
Ghosts seeded successfully
Database schema initialized successfully
Ghosts seeded successfully
Database schema initialized successfully
Ghosts seeded successfully
Database schema initialized successfully
Ghosts seeded successfully
Database schema initialized successfully
Ghosts seeded successfully
Database schema initialized successfully
Ghosts seeded successfully
Database schema initialized successfully
Ghosts seeded successfully
Database schema initialized successfully
Ghosts seeded successfully
Database schema initialized successfully
Ghosts seeded successfully
Database schema initialized successfully
Ghosts seeded successfully
Database schema initialized successfully
Ghosts seeded successfully
Database schema initialized successfully
Ghosts seeded successfully
Database schema initialized successfully
Ghosts seeded successfully
Database schema initialized successfully
Ghosts seeded successfully
Database schema initialized successfully
Ghosts seeded successfully
Database schema initialized successfully
Ghosts seeded successfully
Database schema initialized successfully
Ghosts seeded successfully
Database schema initialized successfully
Ghosts seeded successfully
Database schema initialized successfully
Ghosts seeded successfully
Database schema initialized successfully
Ghosts seeded successfully
Database schema initialized successfully
Ghosts seeded successfully
Database schema initialized successfully
Ghosts seeded successfully
Database schema initialized successfully
Ghosts seeded successfully
Database schema initialized successfully
Ghosts seeded successfully
Database schema initialized successfully
Ghosts seeded successfully
Database schema initialized successfully
Ghosts seeded successfully
Database schema initialized successfully
Ghosts seeded successfully
Database schema initialized successfully
Ghosts seeded successfully
Database schema initialized successfully
Ghosts seeded successfully
Database schema initialized successfully
Ghosts seeded successfully
Database schema initialized successfully
Ghosts seeded successfully
Database schema initialized successfully
Ghosts seeded successfully
Database schema initialized successfully
Ghosts seeded successfully
Database schema initialized successfully
Ghosts seeded successfully
Database schema initialized successfully
Ghosts seeded successfully
Database schema initialized successfully
Ghosts seeded successfully
Database schema initialized successfully
Ghosts seeded successfully
Database schema initialized successfully
Ghosts seeded successfully
Database schema initialized successfully
Ghosts seeded successfully
Database schema initialized successfully
Ghosts seeded successfully
Database schema initialized successfully
Ghosts seeded successfully
Database schema initialized successfully
Ghosts seeded successfully
Database schema initialized successfully
Ghosts seeded successfully
Database schema initialized successfully
Ghosts seeded successfully
Database schema initialized successfully
Ghosts seeded successfully
Database schema initialized successfully
Ghosts seeded successfully
Database schema initialized successfully
Ghosts seeded successfully
Database schema initialized successfully
Ghosts seeded successfully
Database schema initialized successfully
Ghosts seeded successfully
Database schema initialized successfully
Ghosts seeded successfully
Database schema initialized successfully
Ghosts seeded successfully
Database schema initialized successfully
Ghosts seeded successfully
Database schema initialized successfully
Ghosts seeded successfully
Database schema initialized successfully
Ghosts seeded successfully
Database schema initialized successfully
Ghosts seeded successfully
Database schema initialized successfully
Ghosts seeded successfully
Database schema initialized successfully
Ghosts seeded successfully
Database schema initialized successfully
Ghosts seeded successfully
Database schema initialized successfully
Ghosts seeded successfully
Database schema initialized successfully
Ghosts seeded successfully
Database schema initialized successfully
Ghosts seeded successfully
Database schema initialized successfully
Ghosts seeded successfully
Database schema initialized successfully
Ghosts seeded successfully
Database schema initialized successfully
Ghosts seeded successfully
Database schema initialized successfully
Ghosts seeded successfully
Database schema initialized successfully
Ghosts seeded successfully
Database schema initialized successfully
Ghosts seeded successfully
Database schema initialized successfully
Ghosts seeded successfully
Database schema initialized successfully
Ghosts seeded successfully
Database schema initialized successfully
Ghosts seeded successfully
Database schema initialized successfully
Ghosts seeded successfully
Database schema initialized successfully
Ghosts seeded successfully
Database schema initialized successfully
Ghosts seeded successfully
Database schema initialized successfully
Ghosts seeded successfully
Database schema initialized successfully
Ghosts seeded successfully
Database schema initialized successfully
Ghosts seeded successfully
Database schema initialized successfully
Ghosts seeded successfully
Database schema initialized successfully
Ghosts seeded successfully
Database schema initialized successfully
Ghosts seeded successfully
Database schema initialized successfully
Ghosts seeded successfully
Database schema initialized successfully
Ghosts seeded successfully
Database schema initialized successfully
Ghosts seeded successfully
Database schema initialized successfully
Ghosts seeded successfully
Database schema initialized successfully
Ghosts seeded successfully
Database schema initialized successfully
Ghosts seeded successfully
Database schema initialized successfully
Ghosts seeded successfully
Database schema initialized successfully
Ghosts seeded successfully
Database schema initialized successfully
Ghosts seeded successfully
Database schema initialized successfully
Ghosts seeded successfully
Database schema initialized successfully
Ghosts seeded successfully
Database schema initialized successfully
Ghosts seeded successfully
Database schema initialized successfully
Ghosts seeded successfully
Database schema initialized successfully
Ghosts seeded successfully
Database schema initialized successfully
Ghosts seeded successfully
Database schema initialized successfully
Ghosts seeded successfully
Database schema initialized successfully
Ghosts seeded successfully
Database schema initialized successfully
Ghosts seeded successfully
Database schema initialized successfully
Ghosts seeded successfully
Database schema initialized successfully
Ghosts seeded successfully
Database schema initialized successfully
Ghosts seeded successfully
Database schema initialized successfully
Ghosts seeded successfully
Database schema initialized successfully
Ghosts seeded successfully
Database schema initialized successfully
Ghosts seeded successfully
Database schema initialized successfully
Ghosts seeded successfully
Database schema initialized successfully
Ghosts seeded successfully
Database schema initialized successfully
Ghosts seeded successfully
Database schema initialized successfully
Ghosts seeded successfully
Database schema initialized successfully
Ghosts seeded successfully
Database schema initialized successfully
Ghosts seeded successfully
Database schema initialized successfully
Ghosts seeded successfully
Database schema initialized successfully
Ghosts seeded successfully
Database schema initialized successfully
Ghosts seeded successfully
Database schema initialized successfully
Ghosts seeded successfully
Database schema initialized successfully
Ghosts seeded successfully
Database schema initialized successfully
Ghosts seeded successfully
Database schema initialized successfully
Ghosts seeded successfully
Database schema initialized successfully
Ghosts seeded successfully
Database schema initialized successfully
Ghosts seeded successfully
Database schema initialized successfully
Ghosts seeded successfully
Database schema initialized successfully
Ghosts seeded successfully
Database schema initialized successfully
Ghosts seeded successfully
Database schema initialized successfully
Ghosts seeded successfully
Database schema initialized successfully
Ghosts seeded successfully
Database schema initialized successfully
Ghosts seeded successfully
Database schema initialized successfully
Ghosts seeded successfully
Database schema initialized successfully
Ghosts seeded successfully
Database schema initialized successfully
Ghosts seeded successfully
Database schema initialized successfully
Ghosts seeded successfully
Database schema initialized successfully
Ghosts seeded successfully
Database schema initialized successfully
Ghosts seeded successfully
Database schema initialized successfully
Ghosts seeded successfully
Database schema initialized successfully
Ghosts seeded successfully
Database schema initialized successfully
Ghosts seeded successfully
Database schema initialized successfully
Ghosts seeded successfully
Database schema initialized successfully
Ghosts seeded successfully
Database schema initialized successfully
Ghosts seeded successfully
Database schema initialized successfully
Ghosts seeded successfully
Database schema initialized successfully
Ghosts seeded successfully
Database schema initialized successfully
Ghosts seeded successfully
Database schema initialized successfully
Ghosts seeded successfully
Database schema initialized successfully
Ghosts seeded successfully
Database schema initialized successfully
Ghosts seeded successfully
Database schema initialized successfully
Ghosts seeded successfully
Database schema initialized successfully
Ghosts seeded successfully
Database schema initialized successfully
Ghosts seeded successfully
Database schema initialized successfully
Ghosts seeded successfully
Database schema initialized successfully
Ghosts seeded successfully
Database schema initialized successfully
Ghosts seeded successfully
Database schema initialized successfully
Ghosts seeded successfully
Database schema initialized successfully
Ghosts seeded successfully
Database schema initialized successfully
Ghosts seeded successfully
Database schema initialized successfully
Ghosts seeded successfully
Database schema initialized successfully
Ghosts seeded successfully
Database schema initialized successfully
Ghosts seeded successfully
Database schema initialized successfully
Ghosts seeded successfully
Database schema initialized successfully
Ghosts seeded successfully
Database schema initialized successfully
Ghosts seeded successfully
Database schema initialized successfully
Ghosts seeded successfully
Database schema initialized successfully
Ghosts seeded successfully
Database schema initialized successfully
Ghosts seeded successfully
Database schema initialized successfully
Ghosts seeded successfully
Database schema initialized successfully
Ghosts seeded successfully
Database schema initialized successfully
Ghosts seeded successfully
Database schema initialized successfully
Ghosts seeded successfully
Database schema initialized successfully
Ghosts seeded successfully
Database schema initialized successfully
Ghosts seeded successfully
Database schema initialized successfully
Ghosts seeded successfully
Database schema initialized successfully
Ghosts seeded successfully
Database schema initialized successfully
Ghosts seeded successfully
Database schema initialized successfully
Ghosts seeded successfully
Database schema initialized successfully
Ghosts seeded successfully
Database schema initialized successfully
Ghosts seeded successfully
Database schema initialized successfully
Ghosts seeded successfully
Database schema initialized successfully
Ghosts seeded successfully
Database schema initialized successfully
Ghosts seeded successfully
Database schema initialized successfully
Ghosts seeded successfully
Database schema initialized successfully
Ghosts seeded successfully
Database schema initialized successfully
Ghosts seeded successfully
Database schema initialized successfully
Ghosts seeded successfully
Database schema initialized successfully
Ghosts seeded successfully
Database schema initialized successfully
Ghosts seeded successfully
Database schema initialized successfully
Ghosts seeded successfully
Database schema initialized successfully
Ghosts seeded successfully
Database schema initialized successfully
Ghosts seeded successfully
Database schema initialized successfully
Ghosts seeded successfully
Database schema initialized successfully
Ghosts seeded successfully
Database schema initialized successfully
Ghosts seeded successfully
Database schema initialized successfully
Ghosts seeded successfully
Database schema initialized successfully
Ghosts seeded successfully
Database schema initialized successfully
Ghosts seeded successfully
Database schema initialized successfully
Ghosts seeded successfully
Database schema initialized successfully
Ghosts seeded successfully
Database schema initialized successfully
Ghosts seeded successfully
Database schema initialized successfully
Ghosts seeded successfully
Database schema initialized successfully
Ghosts seeded successfully
Database schema initialized successfully
Ghosts seeded successfully
Database schema initialized successfully
Ghosts seeded successfully
Database schema initialized successfully
Ghosts seeded successfully
Database schema initialized successfully
Ghosts seeded successfully
Database schema initialized successfully
Ghosts seeded successfully
Database schema initialized successfully
Ghosts seeded successfully
Database schema initialized successfully
Ghosts seeded successfully
Database schema initialized successfully
Ghosts seeded successfully
Database schema initialized successfully
Ghosts seeded successfully
Database schema initialized successfully
Ghosts seeded successfully
Database schema initialized successfully
Ghosts seeded successfully
Database schema initialized successfully
Ghosts seeded successfully
Database schema initialized successfully
Ghosts seeded successfully
Database schema initialized successfully
Ghosts seeded successfully
Database schema initialized successfully
Ghosts seeded successfully
Database schema initialized successfully
Ghosts seeded successfully
Database schema initialized successfully
Ghosts seeded successfully
Database schema initialized successfully
Ghosts seeded successfully
Database schema initialized successfully
Ghosts seeded successfully
Database schema initialized successfully
Ghosts seeded successfully
Database schema initialized successfully
Ghosts seeded successfully
Database schema initialized successfully
Ghosts seeded successfully
Database schema initialized successfully
Ghosts seeded successfully
Database schema initialized successfully
Ghosts seeded successfully
Database schema initialized successfully
Ghosts seeded successfully
Database schema initialized successfully
Ghosts seeded successfully
Database schema initialized successfully
Ghosts seeded successfully
Database schema initialized successfully
Ghosts seeded successfully
Database schema initialized successfully
Ghosts seeded successfully
Database schema initialized successfully
Ghosts seeded successfully
Database schema initialized successfully
Ghosts seeded successfully
Database schema initialized successfully
Ghosts seeded successfully
Database schema initialized successfully
Ghosts seeded successfully
Database schema initialized successfully
Ghosts seeded successfully
Database schema initialized successfully
Ghosts seeded successfully
Database schema initialized successfully
Ghosts seeded successfully
Database schema initialized successfully
Ghosts seeded successfully
Database schema initialized successfully
Ghosts seeded successfully
Database schema initialized successfully
Ghosts seeded successfully
Database schema initialized successfully
Ghosts seeded successfully
Database schema initialized successfully
Ghosts seeded successfully
Database schema initialized successfully
Ghosts seeded successfully
Database schema initialized successfully
Ghosts seeded successfully
Database schema initialized successfully
Ghosts seeded successfully
Database schema initialized successfully
Ghosts seeded successfully
Database schema initialized successfully
Ghosts seeded successfully
Database schema initialized successfully
Ghosts seeded successfully
Database schema initialized successfully
Ghosts seeded successfully
Database schema initialized successfully
Ghosts seeded successfully
Database schema initialized successfully
Ghosts seeded successfully
Database schema initialized successfully
Ghosts seeded successfully
Database schema initialized successfully
Ghosts seeded successfully
Database schema initialized successfully
Ghosts seeded successfully
Database schema initialized successfully
Ghosts seeded successfully
Database schema initialized successfully
Ghosts seeded successfully
Database schema initialized successfully
Ghosts seeded successfully
Database schema initialized successfully
Ghosts seeded successfully
Database schema initialized successfully
Ghosts seeded successfully
Database schema initialized successfully
Ghosts seeded successfully
Database schema initialized successfully
Ghosts seeded successfully
Database schema initialized successfully
Ghosts seeded successfully
Database schema initialized successfully
Ghosts seeded successfully
Database schema initialized successfully
Ghosts seeded successfully
Database schema initialized successfully
Ghosts seeded successfully
Database schema initialized successfully
Ghosts seeded successfully
Database schema initialized successfully
Ghosts seeded successfully
Database schema initialized successfully
Ghosts seeded successfully
Database schema initialized successfully
Ghosts seeded successfully
Database schema initialized successfully
Ghosts seeded successfully
Database schema initialized successfully
Ghosts seeded successfully
Database schema initialized successfully
Ghosts seeded successfully
Database schema initialized successfully
Ghosts seeded successfully
Database schema initialized successfully
Ghosts seeded successfully
Database schema initialized successfully
Ghosts seeded successfully
Database schema initialized successfully
Ghosts seeded successfully
Database schema initialized successfully
Ghosts seeded successfully
Database schema initialized successfully
Ghosts seeded successfully
Database schema initialized successfully
Ghosts seeded successfully
Database schema initialized successfully
Ghosts seeded successfully
Database schema initialized successfully
Ghosts seeded successfully
Database schema initialized successfully
Ghosts seeded successfully
Database schema initialized successfully
Ghosts seeded successfully
Database schema initialized successfully
Ghosts seeded successfully
Database schema initialized successfully
Ghosts seeded successfully
Database schema initialized successfully
Ghosts seeded successfully
Database schema initialized successfully
Ghosts seeded successfully
Database schema initialized successfully
Ghosts seeded successfully
Database schema initialized successfully
Ghosts seeded successfully
Database schema initialized successfully
Ghosts seeded successfully
Database schema initialized successfully
Ghosts seeded successfully
Database schema initialized successfully
Ghosts seeded successfully
Database schema initialized successfully
Ghosts seeded successfully
Database schema initialized successfully
Ghosts seeded successfully
Database schema initialized successfully
Ghosts seeded successfully
Database schema initialized successfully
Ghosts seeded successfully
Database schema initialized successfully
Ghosts seeded successfully
Database schema initialized successfully
Ghosts seeded successfully
Database schema initialized successfully
Ghosts seeded successfully
Database schema initialized successfully
Ghosts seeded successfully
Database schema initialized successfully
Ghosts seeded successfully
Database schema initialized successfully
Ghosts seeded successfully
Database schema initialized successfully
Ghosts seeded successfully
Database schema initialized successfully
Ghosts seeded successfully
Database schema initialized successfully
Ghosts seeded successfully
Database schema initialized successfully
Ghosts seeded successfully
Database schema initialized successfully
Ghosts seeded successfully
Database schema initialized successfully
Ghosts seeded successfully
Database schema initialized successfully
Ghosts seeded successfully
Database schema initialized successfully
Ghosts seeded successfully
Database schema initialized successfully
Ghosts seeded successfully
Database schema initialized successfully
Ghosts seeded successfully
Database schema initialized successfully
Ghosts seeded successfully
Database schema initialized successfully
Ghosts seeded successfully
Database schema initialized successfully
Ghosts seeded successfully
Database schema initialized successfully
Ghosts seeded successfully
Database schema initialized successfully
Ghosts seeded successfully
Database schema initialized successfully
Ghosts seeded successfully
Database schema initialized successfully
Ghosts seeded successfully
Database schema initialized successfully
Ghosts seeded successfully
Database schema initialized successfully
Ghosts seeded successfully
Database schema initialized successfully
Ghosts seeded successfully
Database schema initialized successfully
Ghosts seeded successfully
Database schema initialized successfully
Ghosts seeded successfully
Database schema initialized successfully
Ghosts seeded successfully
Database schema initialized successfully
Ghosts seeded successfully
Database schema initialized successfully
Ghosts seeded successfully
Database schema initialized successfully
Ghosts seeded successfully
Database schema initialized successfully
Ghosts seeded successfully
Database schema initialized successfully
Ghosts seeded successfully
Database schema initialized successfully
Ghosts seeded successfully
Database schema initialized successfully
Ghosts seeded successfully
Database schema initialized successfully
Ghosts seeded successfully
Database schema initialized successfully
Ghosts seeded successfully
Database schema initialized successfully
Ghosts seeded successfully
Database schema initialized successfully
Ghosts seeded successfully
Database schema initialized successfully
Ghosts seeded successfully
Database schema initialized successfully
Ghosts seeded successfully
Database schema initialized successfully
Ghosts seeded successfully
Database schema initialized successfully
Ghosts seeded successfully
Database schema initialized successfully
Ghosts seeded successfully
Database schema initialized successfully
Ghosts seeded successfully
Database schema initialized successfully
Ghosts seeded successfully
Database schema initialized successfully
Ghosts seeded successfully
Database schema initialized successfully
Ghosts seeded successfully
Database schema initialized successfully
Ghosts seeded successfully
Database schema initialized successfully
Ghosts seeded successfully
Database schema initialized successfully
Ghosts seeded successfully
Database schema initialized successfully
Ghosts seeded successfully
Database schema initialized successfully
Ghosts seeded successfully
Database schema initialized successfully
Ghosts seeded successfully
Database schema initialized successfully
Ghosts seeded successfully
Database schema initialized successfully
Ghosts seeded successfully
Database schema initialized successfully
Ghosts seeded successfully
Database schema initialized successfully
Ghosts seeded successfully
Database schema initialized successfully
Ghosts seeded successfully
Database schema initialized successfully
Ghosts seeded successfully
Database schema initialized successfully
Ghosts seeded successfully
Database schema initialized successfully
Ghosts seeded successfully
Database schema initialized successfully
Ghosts seeded successfully
Database schema initialized successfully
Ghosts seeded successfully
Database schema initialized successfully
Ghosts seeded successfully
Database schema initialized successfully
Ghosts seeded successfully
Database schema initialized successfully
Ghosts seeded successfully
Database schema initialized successfully
Ghosts seeded successfully
Database schema initialized successfully
Ghosts seeded successfully
Database schema initialized successfully
Ghosts seeded successfully
Database schema initialized successfully
Ghosts seeded successfully
Database schema initialized successfully
Ghosts seeded successfully
Database schema initialized successfully
Ghosts seeded successfully
Database schema initialized successfully
Ghosts seeded successfully
Database schema initialized successfully
Ghosts seeded successfully
Database schema initialized successfully
Ghosts seeded successfully
Database schema initialized successfully
Ghosts seeded successfully
Database schema initialized successfully
Ghosts seeded successfully
Database schema initialized successfully
Ghosts seeded successfully
Database schema initialized successfully
Ghosts seeded successfully
Database schema initialized successfully
Ghosts seeded successfully
Database schema initialized successfully
Ghosts seeded successfully
Database schema initialized successfully
Ghosts seeded successfully
Database schema initialized successfully
Ghosts seeded successfully
Database schema initialized successfully
Ghosts seeded successfully
Database schema initialized successfully
Ghosts seeded successfully
Database schema initialized successfully
Ghosts seeded successfully
Database schema initialized successfully
Ghosts seeded successfully
Database schema initialized successfully
Ghosts seeded successfully
Database schema initialized successfully
Ghosts seeded successfully
Database schema initialized successfully
Ghosts seeded successfully
Database schema initialized successfully
Ghosts seeded successfully
Database schema initialized successfully
Ghosts seeded successfully
Database schema initialized successfully
Ghosts seeded successfully
Database schema initialized successfully
Ghosts seeded successfully
Database schema initialized successfully
Ghosts seeded successfully
Database schema initialized successfully
Ghosts seeded successfully
Database schema initialized successfully
Ghosts seeded successfully
Database schema initialized successfully
Ghosts seeded successfully
Database schema initialized successfully
Ghosts seeded successfully
Database schema initialized successfully
Ghosts seeded successfully
Database schema initialized successfully
Ghosts seeded successfully
Database schema initialized successfully
Ghosts seeded successfully
Database schema initialized successfully
Ghosts seeded successfully
Database schema initialized successfully
Ghosts seeded successfully
Database schema initialized successfully
Ghosts seeded successfully
Database schema initialized successfully
Ghosts seeded successfully
Database schema initialized successfully
Ghosts seeded successfully
Database schema initialized successfully
Ghosts seeded successfully
Database schema initialized successfully
Ghosts seeded successfully
Database schema initialized successfully
Ghosts seeded successfully
Database schema initialized successfully
Ghosts seeded successfully
Database schema initialized successfully
Ghosts seeded successfully
Database schema initialized successfully
Ghosts seeded successfully
Database schema initialized successfully
Ghosts seeded successfully
Database schema initialized successfully
Ghosts seeded successfully
Database schema initialized successfully
Ghosts seeded successfully
Database schema initialized successfully
Ghosts seeded successfully
Database schema initialized successfully
Ghosts seeded successfully
Database schema initialized successfully
Ghosts seeded successfully
Database schema initialized successfully
Ghosts seeded successfully
Database schema initialized successfully
Ghosts seeded successfully
Database schema initialized successfully
Ghosts seeded successfully
Database schema initialized successfully
Ghosts seeded successfully
Database schema initialized successfully
Ghosts seeded successfully
Database schema initialized successfully
Ghosts seeded successfully
Database schema initialized successfully
Ghosts seeded successfully
Database schema initialized successfully
Ghosts seeded successfully
Database schema initialized successfully
Ghosts seeded successfully
Database schema initialized successfully
Ghosts seeded successfully
Database schema initialized successfully
Ghosts seeded successfully
Database schema initialized successfully
Ghosts seeded successfully
Database schema initialized successfully
Ghosts seeded successfully
Database schema initialized successfully
Ghosts seeded successfully
Database schema initialized successfully
Ghosts seeded successfully
Database schema initialized successfully
Ghosts seeded successfully
Database schema initialized successfully
Ghosts seeded successfully
Database schema initialized successfully
Ghosts seeded successfully
Database schema initialized successfully
Ghosts seeded successfully
Database schema initialized successfully
Ghosts seeded successfully
Database schema initialized successfully
Ghosts seeded successfully
Database schema initialized successfully
Ghosts seeded successfully
Database schema initialized successfully
Ghosts seeded successfully
Database schema initialized successfully
Ghosts seeded successfully
Database schema initialized successfully
Ghosts seeded successfully
Database schema initialized successfully
Ghosts seeded successfully
Database schema initialized successfully
Ghosts seeded successfully
Database schema initialized successfully
Ghosts seeded successfully
Database schema initialized successfully
Ghosts seeded successfully
Database schema initialized successfully
Ghosts seeded successfully
Database schema initialized successfully
Ghosts seeded successfully
Database schema initialized successfully
Ghosts seeded successfully
Database schema initialized successfully
Ghosts seeded successfully
Database schema initialized successfully
Ghosts seeded successfully
Database schema initialized successfully
Ghosts seeded successfully
Database schema initialized successfully
Ghosts seeded successfully
Database schema initialized successfully
Ghosts seeded successfully
Database schema initialized successfully
Ghosts seeded successfully
Database schema initialized successfully
Ghosts seeded successfully
Database schema initialized successfully
Ghosts seeded successfully
Database schema initialized successfully
Ghosts seeded successfully
Database schema initialized successfully
Ghosts seeded successfully
Database schema initialized successfully
Ghosts seeded successfully
Database schema initialized successfully
Ghosts seeded successfully
Database schema initialized successfully
Ghosts seeded successfully
Database schema initialized successfully
Ghosts seeded successfully
Database schema initialized successfully
Ghosts seeded successfully
Database schema initialized successfully
Ghosts seeded successfully
Database schema initialized successfully
Ghosts seeded successfully
Database schema initialized successfully
Ghosts seeded successfully
Database schema initialized successfully
Ghosts seeded successfully
Database schema initialized successfully
Ghosts seeded successfully
Database schema initialized successfully
Ghosts seeded successfully
Database schema initialized successfully
Ghosts seeded successfully
Database schema initialized successfully
Ghosts seeded successfully
Database schema initialized successfully
Ghosts seeded successfully
Database schema initialized successfully
Ghosts seeded successfully
Database schema initialized successfully
Ghosts seeded successfully
Database schema initialized successfully
Ghosts seeded successfully
Database schema initialized successfully
Ghosts seeded successfully
Database schema initialized successfully
Ghosts seeded successfully
Database schema initialized successfully
Ghosts seeded successfully
Database schema initialized successfully
Ghosts seeded successfully
Database schema initialized successfully
Ghosts seeded successfully
Database schema initialized successfully
Ghosts seeded successfully
Database schema initialized successfully
Ghosts seeded successfully
Database schema initialized successfully
Ghosts seeded successfully
Database schema initialized successfully
Ghosts seeded successfully
Database schema initialized successfully
Ghosts seeded successfully
Database schema initialized successfully
Ghosts seeded successfully
Database schema initialized successfully
Ghosts seeded successfully
Database schema initialized successfully
Ghosts seeded successfully
Database schema initialized successfully
Ghosts seeded successfully
Database schema initialized successfully
Ghosts seeded successfully
Database schema initialized successfully
Ghosts seeded successfully
Database schema initialized successfully
Ghosts seeded successfully
Database schema initialized successfully
Ghosts seeded successfully
Database schema initialized successfully
Ghosts seeded successfully
Database schema initialized successfully
Ghosts seeded successfully
Database schema initialized successfully
Ghosts seeded successfully
Database schema initialized successfully
Ghosts seeded successfully
Database schema initialized successfully
Ghosts seeded successfully
Database schema initialized successfully
Ghosts seeded successfully
Database schema initialized successfully
Ghosts seeded successfully
Database schema initialized successfully
Ghosts seeded successfully
Database schema initialized successfully
Ghosts seeded successfully
Database schema initialized successfully
Ghosts seeded successfully
Database schema initialized successfully
Ghosts seeded successfully
Database schema initialized successfully
Ghosts seeded successfully
Database schema initialized successfully
Ghosts seeded successfully
Database schema initialized successfully
Ghosts seeded successfully
Database schema initialized successfully
Ghosts seeded successfully
Database schema initialized successfully
Ghosts seeded successfully
Database schema initialized successfully
Ghosts seeded successfully
Database schema initialized successfully
Ghosts seeded successfully
Database schema initialized successfully
Ghosts seeded successfully
Database schema initialized successfully
Ghosts seeded successfully
Database schema initialized successfully
Ghosts seeded successfully
Database schema initialized successfully
Ghosts seeded successfully
Database schema initialized successfully
Ghosts seeded successfully
Database schema initialized successfully
Ghosts seeded successfully
Database schema initialized successfully
Ghosts seeded successfully
Database schema initialized successfully
Ghosts seeded successfully
Database schema initialized successfully
Ghosts seeded successfully
Database schema initialized successfully
Ghosts seeded successfully
Database schema initialized successfully
Ghosts seeded successfully
Database schema initialized successfully
Ghosts seeded successfully
Database schema initialized successfully
Ghosts seeded successfully
Database schema initialized successfully
Ghosts seeded successfully
Database schema initialized successfully
Ghosts seeded successfully
Database schema initialized successfully
Ghosts seeded successfully
Database schema initialized successfully
Ghosts seeded successfully
Database schema initialized successfully
Ghosts seeded successfully
Database schema initialized successfully
Ghosts seeded successfully
Database schema initialized successfully
Ghosts seeded successfully
Database schema initialized successfully
Ghosts seeded successfully
Database schema initialized successfully
Ghosts seeded successfully
Database schema initialized successfully
Ghosts seeded successfully
Database schema initialized successfully
Ghosts seeded successfully
Database schema initialized successfully
Ghosts seeded successfully
Database schema initialized successfully
Ghosts seeded successfully
Database schema initialized successfully
Ghosts seeded successfully
Database schema initialized successfully
Ghosts seeded successfully
Database schema initialized successfully
Ghosts seeded successfully
Database schema initialized successfully
Ghosts seeded successfully
Database schema initialized successfully
Ghosts seeded successfully
Database schema initialized successfully
Ghosts seeded successfully
Database schema initialized successfully
Ghosts seeded successfully
Database schema initialized successfully
Ghosts seeded successfully
Database schema initialized successfully
Ghosts seeded successfully
Database schema initialized successfully
Ghosts seeded successfully
Database schema initialized successfully
Ghosts seeded successfully
Database schema initialized successfully
Ghosts seeded successfully
Database schema initialized successfully
Ghosts seeded successfully
Database schema initialized successfully
Ghosts seeded successfully
Database schema initialized successfully
Ghosts seeded successfully
Database schema initialized successfully
Ghosts seeded successfully
Database schema initialized successfully
Ghosts seeded successfully
Database schema initialized successfully
Ghosts seeded successfully
Database schema initialized successfully
Ghosts seeded successfully
Database schema initialized successfully
Ghosts seeded successfully
Database schema initialized successfully
Ghosts seeded successfully
Database schema initialized successfully
Ghosts seeded successfully
Database schema initialized successfully
Ghosts seeded successfully
Database schema initialized successfully
Ghosts seeded successfully
Database schema initialized successfully
Ghosts seeded successfully
Database schema initialized successfully
Ghosts seeded successfully
Database schema initialized successfully
Ghosts seeded successfully
Database schema initialized successfully
Ghosts seeded successfully
Database schema initialized successfully
Ghosts seeded successfully
Database schema initialized successfully
Ghosts seeded successfully
Database schema initialized successfully
Ghosts seeded successfully
Database schema initialized successfully
Ghosts seeded successfully
Database schema initialized successfully
Ghosts seeded successfully
Database schema initialized successfully
Ghosts seeded successfully
Database schema initialized successfully
Ghosts seeded successfully
Database schema initialized successfully
Ghosts seeded successfully
Database schema initialized successfully
Ghosts seeded successfully
Database schema initialized successfully
Ghosts seeded successfully
Database schema initialized successfully
Ghosts seeded successfully
Database schema initialized successfully
Ghosts seeded successfully
Database schema initialized successfully
Ghosts seeded successfully
Database schema initialized successfully
Ghosts seeded successfully
Database schema initialized successfully
Ghosts seeded successfully
Database schema initialized successfully
Ghosts seeded successfully
Database schema initialized successfully
Ghosts seeded successfully
Database schema initialized successfully
Ghosts seeded successfully
Database schema initialized successfully
Ghosts seeded successfully
Database schema initialized successfully
Ghosts seeded successfully
Database schema initialized successfully
Ghosts seeded successfully
Database schema initialized successfully
Ghosts seeded successfully
Database schema initialized successfully
Ghosts seeded successfully
Database schema initialized successfully
Ghosts seeded successfully
Database schema initialized successfully
Ghosts seeded successfully
Database schema initialized successfully
Ghosts seeded successfully
Database schema initialized successfully
Ghosts seeded successfully
Database schema initialized successfully
Ghosts seeded successfully
Database schema initialized successfully
Ghosts seeded successfully
Database schema initialized successfully
Ghosts seeded successfully
Database schema initialized successfully
Ghosts seeded successfully
Database schema initialized successfully
Ghosts seeded successfully
Database schema initialized successfully
Ghosts seeded successfully
Database schema initialized successfully
Ghosts seeded successfully
Database schema initialized successfully
Ghosts seeded successfully
Database schema initialized successfully
Ghosts seeded successfully
Database schema initialized successfully
Ghosts seeded successfully
Database schema initialized successfully
Ghosts seeded successfully
Database schema initialized successfully
Ghosts seeded successfully
Database schema initialized successfully
Ghosts seeded successfully
Database schema initialized successfully
Ghosts seeded successfully
Database schema initialized successfully
Ghosts seeded successfully
Database schema initialized successfully
Ghosts seeded successfully
Database schema initialized successfully
Ghosts seeded successfully
Database schema initialized successfully
Ghosts seeded successfully
Database schema initialized successfully
Ghosts seeded successfully
Database schema initialized successfully
Ghosts seeded successfully
Database schema initialized successfully
Ghosts seeded successfully
Database schema initialized successfully
Ghosts seeded successfully
Database schema initialized successfully
Ghosts seeded successfully
Database schema initialized successfully
Ghosts seeded successfully
Database schema initialized successfully
Ghosts seeded successfully
Database schema initialized successfully
Ghosts seeded successfully
Database schema initialized successfully
Ghosts seeded successfully
Database schema initialized successfully
Ghosts seeded successfully
Database schema initialized successfully
Ghosts seeded successfully
Database schema initialized successfully
Ghosts seeded successfully
Database schema initialized successfully
Ghosts seeded successfully
Database schema initialized successfully
Ghosts seeded successfully
Database schema initialized successfully
Ghosts seeded successfully
Database schema initialized successfully
Ghosts seeded successfully
Database schema initialized successfully
Ghosts seeded successfully
Database schema initialized successfully
Ghosts seeded successfully
Database schema initialized successfully
Ghosts seeded successfully
Database schema initialized successfully
Ghosts seeded successfully
Database schema initialized successfully
Ghosts seeded successfully
Database schema initialized successfully
Ghosts seeded successfully
Database schema initialized successfully
Ghosts seeded successfully
Database schema initialized successfully
Ghosts seeded successfully
Database schema initialized successfully
Ghosts seeded successfully
Database schema initialized successfully
Ghosts seeded successfully
Database schema initialized successfully
Ghosts seeded successfully
Database schema initialized successfully
Ghosts seeded successfully
Database schema initialized successfully
Ghosts seeded successfully
Database schema initialized successfully
Ghosts seeded successfully
Database schema initialized successfully
Ghosts seeded successfully
Database schema initialized successfully
Ghosts seeded successfully
Database schema initialized successfully
Ghosts seeded successfully
Database schema initialized successfully
Ghosts seeded successfully
Database schema initialized successfully
Ghosts seeded successfully
Database schema initialized successfully
Ghosts seeded successfully
Database schema initialized successfully
Ghosts seeded successfully
Database schema initialized successfully
Ghosts seeded successfully
Database schema initialized successfully
Ghosts seeded successfully
Database schema initialized successfully
Ghosts seeded successfully
Database schema initialized successfully
Ghosts seeded successfully
Database schema initialized successfully
Ghosts seeded successfully
Database schema initialized successfully
Ghosts seeded successfully
Database schema initialized successfully
Ghosts seeded successfully
Database schema initialized successfully
Ghosts seeded successfully
Database schema initialized successfully
Ghosts seeded successfully
Database schema initialized successfully
Ghosts seeded successfully
Database schema initialized successfully
Ghosts seeded successfully
Database schema initialized successfully
Ghosts seeded successfully
Database schema initialized successfully
Ghosts seeded successfully
Database schema initialized successfully
Ghosts seeded successfully
Database schema initialized successfully
Ghosts seeded successfully
Database schema initialized successfully
Ghosts seeded successfully
Database schema initialized successfully
Ghosts seeded successfully
Database schema initialized successfully
Ghosts seeded successfully
Database schema initialized successfully
Ghosts seeded successfully
Database schema initialized successfully
Ghosts seeded successfully
Database schema initialized successfully
Ghosts seeded successfully
Database schema initialized successfully
Ghosts seeded successfully
Database schema initialized successfully
Ghosts seeded successfully
Database schema initialized successfully
Ghosts seeded successfully
Database schema initialized successfully
Ghosts seeded successfully
Database schema initialized successfully
Ghosts seeded successfully
Database schema initialized successfully
Ghosts seeded successfully
Database schema initialized successfully
Ghosts seeded successfully
Database schema initialized successfully
Ghosts seeded successfully
Database schema initialized successfully
Ghosts seeded successfully
Database schema initialized successfully
Ghosts seeded successfully
Database schema initialized successfully
Ghosts seeded successfully
Database schema initialized successfully
Ghosts seeded successfully
Database schema initialized successfully
Ghosts seeded successfully
Database schema initialized successfully
Ghosts seeded successfully
Database schema initialized successfully
Ghosts seeded successfully
Database schema initialized successfully
Ghosts seeded successfully
Database schema initialized successfully
Ghosts seeded successfully
Database schema initialized successfully
Ghosts seeded successfully
Database schema initialized successfully
Ghosts seeded successfully
Database schema initialized successfully
Ghosts seeded successfully
Database schema initialized successfully
Ghosts seeded successfully
Database schema initialized successfully
Ghosts seeded successfully
Database schema initialized successfully
Ghosts seeded successfully
Database schema initialized successfully
Ghosts seeded successfully
Database schema initialized successfully
Ghosts seeded successfully
Database schema initialized successfully
Ghosts seeded successfully
Database schema initialized successfully
Ghosts seeded successfully
Database schema initialized successfully
Ghosts seeded successfully
Database schema initialized successfully
Ghosts seeded successfully
Database schema initialized successfully
Ghosts seeded successfully
Database schema initialized successfully
Ghosts seeded successfully
Database schema initialized successfully
Ghosts seeded successfully
Database schema initialized successfully
Ghosts seeded successfully
Database schema initialized successfully
Ghosts seeded successfully
Database schema initialized successfully
Ghosts seeded successfully
Database schema initialized successfully
Ghosts seeded successfully
Database schema initialized successfully
Ghosts seeded successfully
Database schema initialized successfully
Ghosts seeded successfully
Database schema initialized successfully
Ghosts seeded successfully
Database schema initialized successfully
Ghosts seeded successfully
Database schema initialized successfully
Ghosts seeded successfully
Database schema initialized successfully
Ghosts seeded successfully
Database schema initialized successfully
Ghosts seeded successfully
Database schema initialized successfully
Ghosts seeded successfully
Database schema initialized successfully
Ghosts seeded successfully
Database schema initialized successfully
Ghosts seeded successfully
Database schema initialized successfully
Ghosts seeded successfully
Database schema initialized successfully
Ghosts seeded successfully
Database schema initialized successfully
Ghosts seeded successfully
Database schema initialized successfully
Ghosts seeded successfully
Database schema initialized successfully
Ghosts seeded successfully
Database schema initialized successfully
Ghosts seeded successfully
Database schema initialized successfully
Ghosts seeded successfully
Database schema initialized successfully
Ghosts seeded successfully
Database schema initialized successfully
Ghosts seeded successfully
Database schema initialized successfully
Ghosts seeded successfully
Database schema initialized successfully
Ghosts seeded successfully
Database schema initialized successfully
Ghosts seeded successfully
Database schema initialized successfully
Ghosts seeded successfully
Database schema initialized successfully
Ghosts seeded successfully
Database schema initialized successfully
Ghosts seeded successfully
Database schema initialized successfully
Ghosts seeded successfully
Database schema initialized successfully
Ghosts seeded successfully
Database schema initialized successfully
Ghosts seeded successfully
Database schema initialized successfully
Ghosts seeded successfully
Database schema initialized successfully
Ghosts seeded successfully
Database schema initialized successfully
Ghosts seeded successfully
Database schema initialized successfully
Ghosts seeded successfully
Database schema initialized successfully
Ghosts seeded successfully
Database schema initialized successfully
Ghosts seeded successfully
Database schema initialized successfully
Ghosts seeded successfully
Database schema initialized successfully
Ghosts seeded successfully
Database schema initialized successfully
Ghosts seeded successfully
Database schema initialized successfully
Ghosts seeded successfully
Database schema initialized successfully
Ghosts seeded successfully
Database schema initialized successfully
Ghosts seeded successfully
Database schema initialized successfully
Ghosts seeded successfully
Database schema initialized successfully
Ghosts seeded successfully
Database schema initialized successfully
Ghosts seeded successfully
Database schema initialized successfully
Ghosts seeded successfully
Database schema initialized successfully
Ghosts seeded successfully
Database schema initialized successfully
Ghosts seeded successfully
Database schema initialized successfully
Ghosts seeded successfully
Database schema initialized successfully
Ghosts seeded successfully
Database schema initialized successfully
Ghosts seeded successfully
Database schema initialized successfully
Ghosts seeded successfully
Database schema initialized successfully
Ghosts seeded successfully
Database schema initialized successfully
Ghosts seeded successfully
Database schema initialized successfully
Ghosts seeded successfully
Database schema initialized successfully
Ghosts seeded successfully
Database schema initialized successfully
Ghosts seeded successfully
Database schema initialized successfully
Ghosts seeded successfully
Database schema initialized successfully
Ghosts seeded successfully
Database schema initialized successfully
Ghosts seeded successfully
Database schema initialized successfully
Ghosts seeded successfully
Database schema initialized successfully
Ghosts seeded successfully
Database schema initialized successfully
Ghosts seeded successfully
Database schema initialized successfully
Ghosts seeded successfully
Database schema initialized successfully
Ghosts seeded successfully
Database schema initialized successfully
Ghosts seeded successfully
Database schema initialized successfully
Ghosts seeded successfully
Database schema initialized successfully
Ghosts seeded successfully
Database schema initialized successfully
Ghosts seeded successfully
Database schema initialized successfully
Ghosts seeded successfully
Database schema initialized successfully
Ghosts seeded successfully
Database schema initialized successfully
Ghosts seeded successfully
Database schema initialized successfully
Ghosts seeded successfully
Database schema initialized successfully
Ghosts seeded successfully
Database schema initialized successfully
Ghosts seeded successfully
Database schema initialized successfully
Ghosts seeded successfully
Database schema initialized successfully
Ghosts seeded successfully
Database schema initialized successfully
Ghosts seeded successfully
Database schema initialized successfully
Ghosts seeded successfully
Database schema initialized successfully
Ghosts seeded successfully
Database schema initialized successfully
Ghosts seeded successfully
Database schema initialized successfully
Ghosts seeded successfully
Database schema initialized successfully
Ghosts seeded successfully
Database schema initialized successfully
Ghosts seeded successfully
Database schema initialized successfully
Ghosts seeded successfully
Database schema initialized successfully
Ghosts seeded successfully
Database schema initialized successfully
Ghosts seeded successfully
Database schema initialized successfully
Ghosts seeded successfully
Database schema initialized successfully
Ghosts seeded successfully
Database schema initialized successfully
Ghosts seeded successfully
Database schema initialized successfully
Ghosts seeded successfully
Database schema initialized successfully
Ghosts seeded successfully
Database schema initialized successfully
Ghosts seeded successfully
Database schema initialized successfully
Ghosts seeded successfully
Database schema initialized successfully
Ghosts seeded successfully
Database schema initialized successfully
Ghosts seeded successfully
Database schema initialized successfully
Ghosts seeded successfully
Database schema initialized successfully
Ghosts seeded successfully
Database schema initialized successfully
Ghosts seeded successfully
Database schema initialized successfully
Ghosts seeded successfully
Database schema initialized successfully
Ghosts seeded successfully
Database schema initialized successfully
Ghosts seeded successfully
Database schema initialized successfully
Ghosts seeded successfully
Database schema initialized successfully
Ghosts seeded successfully
Database schema initialized successfully
Ghosts seeded successfully
Database schema initialized successfully
Ghosts seeded successfully
Database schema initialized successfully
Ghosts seeded successfully
Database schema initialized successfully
Ghosts seeded successfully
Database schema initialized successfully
Ghosts seeded successfully
Database schema initialized successfully
Ghosts seeded successfully
Database schema initialized successfully
Ghosts seeded successfully
Database schema initialized successfully
Ghosts seeded successfully
Database schema initialized successfully
Ghosts seeded successfully
Database schema initialized successfully
Ghosts seeded successfully
Database schema initialized successfully
Ghosts seeded successfully
Database schema initialized successfully
Ghosts seeded successfully
Database schema initialized successfully
Ghosts seeded successfully
Database schema initialized successfully
Ghosts seeded successfully
Database schema initialized successfully
Ghosts seeded successfully
Database schema initialized successfully
Ghosts seeded successfully
Database schema initialized successfully
Ghosts seeded successfully
Database schema initialized successfully
Ghosts seeded successfully
Database schema initialized successfully
Ghosts seeded successfully
Database schema initialized successfully
Ghosts seeded successfully
Database schema initialized successfully
Ghosts seeded successfully
Database schema initialized successfully
Ghosts seeded successfully
Database schema initialized successfully
Ghosts seeded successfully
Database schema initialized successfully
Ghosts seeded successfully
Database schema initialized successfully
Ghosts seeded successfully
Database schema initialized successfully
Ghosts seeded successfully
Database schema initialized successfully
Ghosts seeded successfully
Database schema initialized successfully
Ghosts seeded successfully
Database schema initialized successfully
Ghosts seeded successfully
Database schema initialized successfully
Ghosts seeded successfully
Database schema initialized successfully
Ghosts seeded successfully
Database schema initialized successfully
Ghosts seeded successfully
Database schema initialized successfully
Ghosts seeded successfully
Database schema initialized successfully
Ghosts seeded successfully
Database schema initialized successfully
Ghosts seeded successfully
Database schema initialized successfully
Ghosts seeded successfully
Database schema initialized successfully
Ghosts seeded successfully
Database schema initialized successfully
Ghosts seeded successfully
Database schema initialized successfully
Ghosts seeded successfully
Database schema initialized successfully
Ghosts seeded successfully
Database schema initialized successfully
Ghosts seeded successfully
Database schema initialized successfully
Ghosts seeded successfully
Database schema initialized successfully
Ghosts seeded successfully
Database schema initialized successfully
Ghosts seeded successfully
Database schema initialized successfully
Ghosts seeded successfully
Database schema initialized successfully
Ghosts seeded successfully
Database schema initialized successfully
Ghosts seeded successfully
Database schema initialized successfully
Ghosts seeded successfully
Database schema initialized successfully
Ghosts seeded successfully
Database schema initialized successfully
Ghosts seeded successfully
Database schema initialized successfully
Ghosts seeded successfully
Database schema initialized successfully
Ghosts seeded successfully
Database schema initialized successfully
Ghosts seeded successfully
Database schema initialized successfully
Ghosts seeded successfully
Database schema initialized successfully
Ghosts seeded successfully
Database schema initialized successfully
Ghosts seeded successfully
Database schema initialized successfully
Ghosts seeded successfully
Database schema initialized successfully
Ghosts seeded successfully
Database schema initialized successfully
Ghosts seeded successfully
Database schema initialized successfully
Ghosts seeded successfully
Database schema initialized successfully
Ghosts seeded successfully
Database schema initialized successfully
Ghosts seeded successfully
Database schema initialized successfully
Ghosts seeded successfully
Database schema initialized successfully
Ghosts seeded successfully
Database schema initialized successfully
Ghosts seeded successfully
Database schema initialized successfully
Ghosts seeded successfully
Database schema initialized successfully
Ghosts seeded successfully
Database schema initialized successfully
Ghosts seeded successfully
Database schema initialized successfully
Ghosts seeded successfully
Database schema initialized successfully
Ghosts seeded successfully
Database schema initialized successfully
Ghosts seeded successfully
Database schema initialized successfully
Ghosts seeded successfully
Database schema initialized successfully
Ghosts seeded successfully
Database schema initialized successfully
Ghosts seeded successfully
Database schema initialized successfully
Ghosts seeded successfully
Database schema initialized successfully
Ghosts seeded successfully
Database schema initialized successfully
Ghosts seeded successfully
Database schema initialized successfully
Ghosts seeded successfully
Database schema initialized successfully
Ghosts seeded successfully
Database schema initialized successfully
Ghosts seeded successfully
Database schema initialized successfully
Ghosts seeded successfully
Database schema initialized successfully
Ghosts seeded successfully
Database schema initialized successfully
Ghosts seeded successfully
Database schema initialized successfully
Ghosts seeded successfully
Database schema initialized successfully
Ghosts seeded successfully
Database schema initialized successfully
Ghosts seeded successfully
Database schema initialized successfully
Ghosts seeded successfully
Database schema initialized successfully
Ghosts seeded successfully
Database schema initialized successfully
Ghosts seeded successfully
Database schema initialized successfully
Ghosts seeded successfully
Database schema initialized successfully
Ghosts seeded successfully
Database schema initialized successfully
Ghosts seeded successfully
Database schema initialized successfully
Ghosts seeded successfully
Database schema initialized successfully
Ghosts seeded successfully
Database schema initialized successfully
Ghosts seeded successfully
Database schema initialized successfully
Ghosts seeded successfully
Database schema initialized successfully
Ghosts seeded successfully
Database schema initialized successfully
Ghosts seeded successfully
Database schema initialized successfully
Ghosts seeded successfully
Database schema initialized successfully
Ghosts seeded successfully
Database schema initialized successfully
Ghosts seeded successfully
Database schema initialized successfully
Ghosts seeded successfully
Database schema initialized successfully
Ghosts seeded successfully
Database schema initialized successfully
Ghosts seeded successfully
Database schema initialized successfully
Ghosts seeded successfully
Database schema initialized successfully
Ghosts seeded successfully
Database schema initialized successfully
Ghosts seeded successfully
Database schema initialized successfully
Ghosts seeded successfully
Database schema initialized successfully
Ghosts seeded successfully
Database schema initialized successfully
Ghosts seeded successfully
Database schema initialized successfully
Ghosts seeded successfully
Database schema initialized successfully
Ghosts seeded successfully
Database schema initialized successfully
Ghosts seeded successfully
Database schema initialized successfully
Ghosts seeded successfully
Database schema initialized successfully
Ghosts seeded successfully
Database schema initialized successfully
Ghosts seeded successfully
Database schema initialized successfully
Ghosts seeded successfully
Database schema initialized successfully
Ghosts seeded successfully
Database schema initialized successfully
Ghosts seeded successfully
Database schema initialized successfully
Ghosts seeded successfully
Database schema initialized successfully
Ghosts seeded successfully
Database schema initialized successfully
Ghosts seeded successfully
Database schema initialized successfully
Ghosts seeded successfully
Database schema initialized successfully
Ghosts seeded successfully
Database schema initialized successfully
Ghosts seeded successfully
Database schema initialized successfully
Ghosts seeded successfully
Database schema initialized successfully
Ghosts seeded successfully
Database schema initialized successfully
Ghosts seeded successfully
Database schema initialized successfully
Ghosts seeded successfully
Database schema initialized successfully
Ghosts seeded successfully
Database schema initialized successfully
Ghosts seeded successfully
Database schema initialized successfully
Ghosts seeded successfully
Database schema initialized successfully
Ghosts seeded successfully
Database schema initialized successfully
Ghosts seeded successfully
Database schema initialized successfully
Ghosts seeded successfully
Database schema initialized successfully
Ghosts seeded successfully
Database schema initialized successfully
Ghosts seeded successfully
Database schema initialized successfully
Ghosts seeded successfully
Database schema initialized successfully
Ghosts seeded successfully
Database schema initialized successfully
Ghosts seeded successfully
Database schema initialized successfully
Ghosts seeded successfully
Database schema initialized successfully
Ghosts seeded successfully
Database schema initialized successfully
Ghosts seeded successfully
Database schema initialized successfully
Ghosts seeded successfully
Database schema initialized successfully
Ghosts seeded successfully
Database schema initialized successfully
Ghosts seeded successfully
Database schema initialized successfully
Ghosts seeded successfully
Database schema initialized successfully
Ghosts seeded successfully
Database schema initialized successfully
Ghosts seeded successfully
Database schema initialized successfully
Ghosts seeded successfully
Database schema initialized successfully
Ghosts seeded successfully
Database schema initialized successfully
Ghosts seeded successfully
Database schema initialized successfully
Ghosts seeded successfully
Database schema initialized successfully
Ghosts seeded successfully
Database schema initialized successfully
Ghosts seeded successfully
Database schema initialized successfully
Ghosts seeded successfully
Database schema initialized successfully
Ghosts seeded successfully
Database schema initialized successfully
Ghosts seeded successfully
Database schema initialized successfully
Ghosts seeded successfully
Database schema initialized successfully
Ghosts seeded successfully
Database schema initialized successfully
Ghosts seeded successfully
Database schema initialized successfully
Ghosts seeded successfully
Database schema initialized successfully
Ghosts seeded successfully
Database schema initialized successfully
Ghosts seeded successfully
Database schema initialized successfully
Ghosts seeded successfully
Database schema initialized successfully
Ghosts seeded successfully
Database schema initialized successfully
Ghosts seeded successfully
Database schema initialized successfully
Ghosts seeded successfully
Database schema initialized successfully
Ghosts seeded successfully
Database schema initialized successfully
Ghosts seeded successfully
Database schema initialized successfully
Ghosts seeded successfully
Database schema initialized successfully
Ghosts seeded successfully
Database schema initialized successfully
Ghosts seeded successfully
Database schema initialized successfully
Ghosts seeded successfully
Database schema initialized successfully
Ghosts seeded successfully
Database schema initialized successfully
Ghosts seeded successfully
Database schema initialized successfully
Ghosts seeded successfully
Database schema initialized successfully
Ghosts seeded successfully
Database schema initialized successfully
Ghosts seeded successfully
Database schema initialized successfully
Ghosts seeded successfully
Database schema initialized successfully
Ghosts seeded successfully
Database schema initialized successfully
Ghosts seeded successfully
Database schema initialized successfully
Ghosts seeded successfully
Database schema initialized successfully
Ghosts seeded successfully
Database schema initialized successfully
Ghosts seeded successfully
Database schema initialized successfully
Ghosts seeded successfully
Database schema initialized successfully
Ghosts seeded successfully
Database schema initialized successfully
Ghosts seeded successfully
Database schema initialized successfully
Ghosts seeded successfully
Database schema initialized successfully
Ghosts seeded successfully
Database schema initialized successfully
Ghosts seeded successfully
Database schema initialized successfully
Ghosts seeded successfully
Database schema initialized successfully
Ghosts seeded successfully
Database schema initialized successfully
Ghosts seeded successfully
Database schema initialized successfully
Ghosts seeded successfully
Database schema initialized successfully
Ghosts seeded successfully
Database schema initialized successfully
Ghosts seeded successfully
Database schema initialized successfully
Ghosts seeded successfully
Database schema initialized successfully
Ghosts seeded successfully
Database schema initialized successfully
Ghosts seeded successfully
Database schema initialized successfully
Ghosts seeded successfully
Database schema initialized successfully
Ghosts seeded successfully
Database schema initialized successfully
Ghosts seeded successfully
Database schema initialized successfully
Ghosts seeded successfully
Database schema initialized successfully
Ghosts seeded successfully
Database schema initialized successfully
Ghosts seeded successfully
Database schema initialized successfully
Ghosts seeded successfully
Database schema initialized successfully
Ghosts seeded successfully
Database schema initialized successfully
Ghosts seeded successfully
Database schema initialized successfully
Ghosts seeded successfully
Database schema initialized successfully
Ghosts seeded successfully
Database schema initialized successfully
Ghosts seeded successfully
Database schema initialized successfully
Ghosts seeded successfully
Database schema initialized successfully
Ghosts seeded successfully
Database schema initialized successfully
Ghosts seeded successfully
Database schema initialized successfully
Ghosts seeded successfully
Database schema initialized successfully
Ghosts seeded successfully
Database schema initialized successfully
Ghosts seeded successfully
Database schema initialized successfully
Ghosts seeded successfully
Database schema initialized successfully
Ghosts seeded successfully
Database schema initialized successfully
Ghosts seeded successfully
Database schema initialized successfully
Ghosts seeded successfully
Database schema initialized successfully
Ghosts seeded successfully
Database schema initialized successfully
Ghosts seeded successfully
Database schema initialized successfully
Ghosts seeded successfully
Database schema initialized successfully
Ghosts seeded successfully
Database schema initialized successfully
Ghosts seeded successfully
Database schema initialized successfully
Ghosts seeded successfully
Database schema initialized successfully
Ghosts seeded successfully
Database schema initialized successfully
Ghosts seeded successfully
Database schema initialized successfully
Ghosts seeded successfully
Database schema initialized successfully
Ghosts seeded successfully
Database schema initialized successfully
Ghosts seeded successfully
Database schema initialized successfully
Ghosts seeded successfully
Database schema initialized successfully
Ghosts seeded successfully
Database schema initialized successfully
Ghosts seeded successfully
Database schema initialized successfully
Ghosts seeded successfully
Database schema initialized successfully
Ghosts seeded successfully
Database schema initialized successfully
Ghosts seeded successfully
Database schema initialized successfully
Ghosts seeded successfully
Database schema initialized successfully
Ghosts seeded successfully
Database schema initialized successfully
Ghosts seeded successfully
Database schema initialized successfully
Ghosts seeded successfully
Database schema initialized successfully
Ghosts seeded successfully
Database schema initialized successfully
Ghosts seeded successfully
Database schema initialized successfully
Ghosts seeded successfully
Database schema initialized successfully
Ghosts seeded successfully
Database schema initialized successfully
Ghosts seeded successfully
Database schema initialized successfully
Ghosts seeded successfully
Database schema initialized successfully
Ghosts seeded successfully
Database schema initialized successfully
Ghosts seeded successfully
Database schema initialized successfully
Ghosts seeded successfully
Database schema initialized successfully
Ghosts seeded successfully
Database schema initialized successfully
Ghosts seeded successfully
Database schema initialized successfully
Ghosts seeded successfully
Database schema initialized successfully
Ghosts seeded successfully
Database schema initialized successfully
Ghosts seeded successfully
Database schema initialized successfully
Ghosts seeded successfully
Database schema initialized successfully
Ghosts seeded successfully
Database schema initialized successfully
Ghosts seeded successfully
Database schema initialized successfully
Ghosts seeded successfully
Database schema initialized successfully
Ghosts seeded successfully
Database schema initialized successfully
Ghosts seeded successfully
Database schema initialized successfully
Ghosts seeded successfully
Database schema initialized successfully
Ghosts seeded successfully
Database schema initialized successfully
Ghosts seeded successfully
Database schema initialized successfully
Ghosts seeded successfully
Database schema initialized successfully
Ghosts seeded successfully
Database schema initialized successfully
Ghosts seeded successfully
Database schema initialized successfully
Ghosts seeded successfully
Database schema initialized successfully
Ghosts seeded successfully
Database schema initialized successfully
Ghosts seeded successfully
Database schema initialized successfully
Ghosts seeded successfully
Database schema initialized successfully
Ghosts seeded successfully
Database schema initialized successfully
Ghosts seeded successfully
Database schema initialized successfully
Ghosts seeded successfully
Database schema initialized successfully
Ghosts seeded successfully
Database schema initialized successfully
Ghosts seeded successfully
Database schema initialized successfully
Ghosts seeded successfully
Database schema initialized successfully
Ghosts seeded successfully
Database schema initialized successfully
Ghosts seeded successfully
Database schema initialized successfully
Ghosts seeded successfully
Database schema initialized successfully
Ghosts seeded successfully
Database schema initialized successfully
Ghosts seeded successfully
Database schema initialized successfully
Ghosts seeded successfully
Database schema initialized successfully
Ghosts seeded successfully
Database schema initialized successfully
Ghosts seeded successfully
Database schema initialized successfully
Ghosts seeded successfully
Database schema initialized successfully
Ghosts seeded successfully
Database schema initialized successfully
Ghosts seeded successfully
Database schema initialized successfully
Ghosts seeded successfully
Database schema initialized successfully
Ghosts seeded successfully
Database schema initialized successfully
Ghosts seeded successfully
Database schema initialized successfully
Ghosts seeded successfully
Database schema initialized successfully
Ghosts seeded successfully
Database schema initialized successfully
Ghosts seeded successfully
Database schema initialized successfully
Ghosts seeded successfully
Database schema initialized successfully
Ghosts seeded successfully
Database schema initialized successfully
Ghosts seeded successfully
Database schema initialized successfully
Ghosts seeded successfully
Database schema initialized successfully
Ghosts seeded successfully
Database schema initialized successfully
Ghosts seeded successfully
Database schema initialized successfully
Ghosts seeded successfully
Database schema initialized successfully
Ghosts seeded successfully
Database schema initialized successfully
Ghosts seeded successfully
Database schema initialized successfully
Ghosts seeded successfully
Database schema initialized successfully
Ghosts seeded successfully
Database schema initialized successfully
Ghosts seeded successfully
Database schema initialized successfully
Ghosts seeded successfully
Database schema initialized successfully
Ghosts seeded successfully
Database schema initialized successfully
Ghosts seeded successfully
Database schema initialized successfully
Ghosts seeded successfully
Database schema initialized successfully
Ghosts seeded successfully
Database schema initialized successfully
Ghosts seeded successfully
Database schema initialized successfully
Ghosts seeded successfully
Database schema initialized successfully
Ghosts seeded successfully
Database schema initialized successfully
Ghosts seeded successfully
Database schema initialized successfully
Ghosts seeded successfully
Database schema initialized successfully
Ghosts seeded successfully
Database schema initialized successfully
Ghosts seeded successfully
Database schema initialized successfully
Ghosts seeded successfully
Database schema initialized successfully
Ghosts seeded successfully
Database schema initialized successfully
Ghosts seeded successfully
Database schema initialized successfully
Ghosts seeded successfully
Database schema initialized successfully
Ghosts seeded successfully
Database schema initialized successfully
Ghosts seeded successfully
Database schema initialized successfully
Ghosts seeded successfully
Database schema initialized successfully
Ghosts seeded successfully
Database schema initialized successfully
Ghosts seeded successfully
Database schema initialized successfully
Ghosts seeded successfully
Database schema initialized successfully
Ghosts seeded successfully
Database schema initialized successfully
Ghosts seeded successfully
Database schema initialized successfully
Ghosts seeded successfully
Database schema initialized successfully
Ghosts seeded successfully
Database schema initialized successfully
Ghosts seeded successfully
Database schema initialized successfully
Ghosts seeded successfully
Database schema initialized successfully
Ghosts seeded successfully
Database schema initialized successfully
Ghosts seeded successfully
Database schema initialized successfully
Ghosts seeded successfully
Database schema initialized successfully
Ghosts seeded successfully
Database schema initialized successfully
Ghosts seeded successfully
Database schema initialized successfully
Ghosts seeded successfully
Database schema initialized successfully
Ghosts seeded successfully
Database schema initialized successfully
Ghosts seeded successfully
Database schema initialized successfully
Ghosts seeded successfully
Database schema initialized successfully
Ghosts seeded successfully
Database schema initialized successfully
Ghosts seeded successfully
Database schema initialized successfully
Ghosts seeded successfully
Database schema initialized successfully
Ghosts seeded successfully
Database schema initialized successfully
Ghosts seeded successfully
Database schema initialized successfully
Ghosts seeded successfully
Database schema initialized successfully
Ghosts seeded successfully
Database schema initialized successfully
Ghosts seeded successfully
Database schema initialized successfully
Ghosts seeded successfully
Database schema initialized successfully
Ghosts seeded successfully
Database schema initialized successfully
Ghosts seeded successfully
Database schema initialized successfully
Ghosts seeded successfully
Database schema initialized successfully
Ghosts seeded successfully
Database schema initialized successfully
Ghosts seeded successfully
Database schema initialized successfully
Ghosts seeded successfully
Database schema initialized successfully
Ghosts seeded successfully
Database schema initialized successfully
Ghosts seeded successfully
Database schema initialized successfully
Ghosts seeded successfully
Database schema initialized successfully
Ghosts seeded successfully
Database schema initialized successfully
Ghosts seeded successfully
Database schema initialized successfully
Ghosts seeded successfully
Database schema initialized successfully
Ghosts seeded successfully
Database schema initialized successfully
Ghosts seeded successfully
Database schema initialized successfully
Ghosts seeded successfully
Database schema initialized successfully
Ghosts seeded successfully
Database schema initialized successfully
Ghosts seeded successfully
Database schema initialized successfully
Ghosts seeded successfully
Database schema initialized successfully
Ghosts seeded successfully
Database schema initialized successfully
Ghosts seeded successfully
Database schema initialized successfully
Ghosts seeded successfully
Database schema initialized successfully
Ghosts seeded successfully
Database schema initialized successfully
Ghosts seeded successfully
Database schema initialized successfully
Ghosts seeded successfully
Database schema initialized successfully
Ghosts seeded successfully
Database schema initialized successfully
Ghosts seeded successfully
Database schema initialized successfully
Ghosts seeded successfully
Database schema initialized successfully
Ghosts seeded successfully
Database schema initialized successfully
Ghosts seeded successfully
Database schema initialized successfully
Ghosts seeded successfully
Database schema initialized successfully
Ghosts seeded successfully
Database schema initialized successfully
Ghosts seeded successfully
Database schema initialized successfully
Ghosts seeded successfully
Database schema initialized successfully
Ghosts seeded successfully
Database schema initialized successfully
Ghosts seeded successfully
Database schema initialized successfully
Ghosts seeded successfully
Database schema initialized successfully
Ghosts seeded successfully
Database schema initialized successfully
Ghosts seeded successfully
Database schema initialized successfully
Ghosts seeded successfully
Database schema initialized successfully
Ghosts seeded successfully
Database schema initialized successfully
Ghosts seeded successfully
Database schema initialized successfully
Ghosts seeded successfully
Database schema initialized successfully
Ghosts seeded successfully
Database schema initialized successfully
Ghosts seeded successfully
Database schema initialized successfully
Ghosts seeded successfully
Database schema initialized successfully
Ghosts seeded successfully
Database schema initialized successfully
Ghosts seeded successfully
Database schema initialized successfully
Ghosts seeded successfully
Database schema initialized successfully
Ghosts seeded successfully
Database schema initialized successfully
Ghosts seeded successfully
Database schema initialized successfully
Ghosts seeded successfully
Database schema initialized successfully
Ghosts seeded successfully
Database schema initialized successfully
Ghosts seeded successfully
Database schema initialized successfully
Ghosts seeded successfully
Database schema initialized successfully
Ghosts seeded successfully
Database schema initialized successfully
Ghosts seeded successfully
Database schema initialized successfully
Ghosts seeded successfully
Database schema initialized successfully
Ghosts seeded successfully
Database schema initialized successfully
Ghosts seeded successfully
Database schema initialized successfully
Ghosts seeded successfully
Database schema initialized successfully
Ghosts seeded successfully
Database schema initialized successfully
Ghosts seeded successfully
Database schema initialized successfully
Ghosts seeded successfully
Database schema initialized successfully
Ghosts seeded successfully
Database schema initialized successfully
Ghosts seeded successfully
Database schema initialized successfully
Ghosts seeded successfully
Database schema initialized successfully
Ghosts seeded successfully
Database schema initialized successfully
Ghosts seeded successfully
Database schema initialized successfully
Ghosts seeded successfully
Database schema initialized successfully
Ghosts seeded successfully
Database schema initialized successfully
Ghosts seeded successfully
Database schema initialized successfully
Ghosts seeded successfully
Database schema initialized successfully
Ghosts seeded successfully
Database schema initialized successfully
Ghosts seeded successfully
Database schema initialized successfully
Ghosts seeded successfully
Database schema initialized successfully
Ghosts seeded successfully
Database schema initialized successfully
Ghosts seeded successfully
Database schema initialized successfully
Ghosts seeded successfully
Database schema initialized successfully
Ghosts seeded successfully
Database schema initialized successfully
Ghosts seeded successfully
Database schema initialized successfully
Ghosts seeded successfully
Database schema initialized successfully
Ghosts seeded successfully
Database schema initialized successfully
Ghosts seeded successfully
Database schema initialized successfully
Ghosts seeded successfully
Database schema initialized successfully
Ghosts seeded successfully
Database schema initialized successfully
Ghosts seeded successfully
Database schema initialized successfully
Ghosts seeded successfully
Database schema initialized successfully
Ghosts seeded successfully
Database schema initialized successfully
Ghosts seeded successfully
Database schema initialized successfully
Ghosts seeded successfully
Database schema initialized successfully
Ghosts seeded successfully
Database schema initialized successfully
Ghosts seeded successfully
Database schema initialized successfully
Ghosts seeded successfully
Database schema initialized successfully
Ghosts seeded successfully
Database schema initialized successfully
Ghosts seeded successfully
Database schema initialized successfully
Ghosts seeded successfully
Database schema initialized successfully
Ghosts seeded successfully
Database schema initialized successfully
Ghosts seeded successfully
Database schema initialized successfully
Ghosts seeded successfully
Database schema initialized successfully
Ghosts seeded successfully
Database schema initialized successfully
Ghosts seeded successfully
Database schema initialized successfully
Ghosts seeded successfully
Database schema initialized successfully
Ghosts seeded successfully
Database schema initialized successfully
Ghosts seeded successfully
Database schema initialized successfully
Ghosts seeded successfully
Database schema initialized successfully
Ghosts seeded successfully
Database schema initialized successfully
Ghosts seeded successfully
Database schema initialized successfully
Ghosts seeded successfully
Database schema initialized successfully
Ghosts seeded successfully
Database schema initialized successfully
Ghosts seeded successfully
Database schema initialized successfully
Ghosts seeded successfully
Database schema initialized successfully
Ghosts seeded successfully
Database schema initialized successfully
Ghosts seeded successfully
Database schema initialized successfully
Ghosts seeded successfully
Database schema initialized successfully
Ghosts seeded successfully
Database schema initialized successfully
Ghosts seeded successfully
Database schema initialized successfully
Ghosts seeded successfully
Database schema initialized successfully
Ghosts seeded successfully
Database schema initialized successfully
Ghosts seeded successfully
Database schema initialized successfully
Ghosts seeded successfully
Database schema initialized successfully
Ghosts seeded successfully
Database schema initialized successfully
Ghosts seeded successfully
Database schema initialized successfully
Ghosts seeded successfully
Database schema initialized successfully
Ghosts seeded successfully
Database schema initialized successfully
Ghosts seeded successfully
Database schema initialized successfully
Ghosts seeded successfully
Database schema initialized successfully
Ghosts seeded successfully
Database schema initialized successfully
Ghosts seeded successfully
Database schema initialized successfully
Ghosts seeded successfully
Database schema initialized successfully
Ghosts seeded successfully
Database schema initialized successfully
Ghosts seeded successfully
Database schema initialized successfully
Ghosts seeded successfully
Database schema initialized successfully
Ghosts seeded successfully
Database schema initialized successfully
Ghosts seeded successfully
Database schema initialized successfully
Ghosts seeded successfully
Database schema initialized successfully
Ghosts seeded successfully
Database schema initialized successfully
Ghosts seeded successfully
Database schema initialized successfully
Ghosts seeded successfully
Database schema initialized successfully
Ghosts seeded successfully
Database schema initialized successfully
Ghosts seeded successfully
Database schema initialized successfully
Ghosts seeded successfully
Database schema initialized successfully
Ghosts seeded successfully
Database schema initialized successfully
Ghosts seeded successfully
Database schema initialized successfully
Ghosts seeded successfully
Database schema initialized successfully
Ghosts seeded successfully
Database schema initialized successfully
Ghosts seeded successfully
Database schema initialized successfully
Ghosts seeded successfully
Database schema initialized successfully
Ghosts seeded successfully
Database schema initialized successfully
Ghosts seeded successfully
Database schema initialized successfully
Ghosts seeded successfully
Database schema initialized successfully
Ghosts seeded successfully
Database schema initialized successfully
Ghosts seeded successfully
Database schema initialized successfully
Ghosts seeded successfully
Database schema initialized successfully
Ghosts seeded successfully
Database schema initialized successfully
Ghosts seeded successfully
Database schema initialized successfully
Ghosts seeded successfully
Database schema initialized successfully
Ghosts seeded successfully
Database schema initialized successfully
Ghosts seeded successfully
Database schema initialized successfully
Ghosts seeded successfully
Database schema initialized successfully
Ghosts seeded successfully
Database schema initialized successfully
Ghosts seeded successfully
Database schema initialized successfully
Ghosts seeded successfully
Database schema initialized successfully
Ghosts seeded successfully
Database schema initialized successfully
Ghosts seeded successfully
Database schema initialized successfully
Ghosts seeded successfully
Database schema initialized successfully
Ghosts seeded successfully
Database schema initialized successfully
Ghosts seeded successfully
Database schema initialized successfully
Ghosts seeded successfully
Database schema initialized successfully
Ghosts seeded successfully
Database schema initialized successfully
Ghosts seeded successfully
Database schema initialized successfully
Ghosts seeded successfully
Database schema initialized successfully
Ghosts seeded successfully
Database schema initialized successfully
Ghosts seeded successfully
Database schema initialized successfully
Ghosts seeded successfully
Database schema initialized successfully
Ghosts seeded successfully
Database schema initialized successfully
Ghosts seeded successfully
Database schema initialized successfully
Ghosts seeded successfully
Database schema initialized successfully
Ghosts seeded successfully
Database schema initialized successfully
Ghosts seeded successfully
Database schema initialized successfully
Ghosts seeded successfully
Database schema initialized successfully
Ghosts seeded successfully
Database schema initialized successfully
Ghosts seeded successfully
Database schema initialized successfully
Ghosts seeded successfully
Database schema initialized successfully
Ghosts seeded successfully
Database schema initialized successfully
Ghosts seeded successfully
Database schema initialized successfully
Ghosts seeded successfully
Database schema initialized successfully
Ghosts seeded successfully
Database schema initialized successfully
Ghosts seeded successfully
Database schema initialized successfully
Ghosts seeded successfully
Database schema initialized successfully
Ghosts seeded successfully
Database schema initialized successfully
Ghosts seeded successfully
Database schema initialized successfully
Ghosts seeded successfully
Database schema initialized successfully
Ghosts seeded successfully
Database schema initialized successfully
Ghosts seeded successfully
Database schema initialized successfully
Ghosts seeded successfully
Database schema initialized successfully
Ghosts seeded successfully
Database schema initialized successfully
Ghosts seeded successfully
Database schema initialized successfully
Ghosts seeded successfully
Database schema initialized successfully
Ghosts seeded successfully
Database schema initialized successfully
Ghosts seeded successfully
Database schema initialized successfully
Ghosts seeded successfully
Database schema initialized successfully
Ghosts seeded successfully
Database schema initialized successfully
Ghosts seeded successfully
Database schema initialized successfully
Ghosts seeded successfully
Database schema initialized successfully
Ghosts seeded successfully
Database schema initialized successfully
Ghosts seeded successfully
Database schema initialized successfully
Ghosts seeded successfully
Database schema initialized successfully
Ghosts seeded successfully
Database schema initialized successfully
Ghosts seeded successfully
Database schema initialized successfully
Ghosts seeded successfully
Database schema initialized successfully
Ghosts seeded successfully
Database schema initialized successfully
Ghosts seeded successfully
Database schema initialized successfully
Ghosts seeded successfully
Database schema initialized successfully
Ghosts seeded successfully
Database schema initialized successfully
Ghosts seeded successfully
Database schema initialized successfully
Ghosts seeded successfully
Database schema initialized successfully
Ghosts seeded successfully
Database schema initialized successfully
Ghosts seeded successfully
Database schema initialized successfully
Ghosts seeded successfully
Database schema initialized successfully
Ghosts seeded successfully
Database schema initialized successfully
Ghosts seeded successfully
Database schema initialized successfully
Ghosts seeded successfully
Database schema initialized successfully
Ghosts seeded successfully
Database schema initialized successfully
Ghosts seeded successfully
Database schema initialized successfully
Ghosts seeded successfully
Database schema initialized successfully
Ghosts seeded successfully
Database schema initialized successfully
Ghosts seeded successfully
Database schema initialized successfully
Ghosts seeded successfully
Database schema initialized successfully
Ghosts seeded successfully
Database schema initialized successfully
Ghosts seeded successfully
Database schema initialized successfully
Ghosts seeded successfully
Database schema initialized successfully
Ghosts seeded successfully
Database schema initialized successfully
Ghosts seeded successfully
Database schema initialized successfully
Ghosts seeded successfully
Database schema initialized successfully
Ghosts seeded successfully
Database schema initialized successfully
Ghosts seeded successfully
Database schema initialized successfully
Ghosts seeded successfully
Database schema initialized successfully
Ghosts seeded successfully
Database schema initialized successfully
Ghosts seeded successfully
Database schema initialized successfully
Ghosts seeded successfully
Database schema initialized successfully
Ghosts seeded successfully
Database schema initialized successfully
Ghosts seeded successfully
Database schema initialized successfully
Ghosts seeded successfully
Database schema initialized successfully
Ghosts seeded successfully
Database schema initialized successfully
Ghosts seeded successfully
Database schema initialized successfully
Ghosts seeded successfully
Database schema initialized successfully
Ghosts seeded successfully
Database schema initialized successfully
Ghosts seeded successfully
Database schema initialized successfully
Ghosts seeded successfully
Database schema initialized successfully
Ghosts seeded successfully
Database schema initialized successfully
Ghosts seeded successfully
Database schema initialized successfully
Ghosts seeded successfully
Database schema initialized successfully
Ghosts seeded successfully
Database schema initialized successfully
Ghosts seeded successfully
Database schema initialized successfully
Ghosts seeded successfully
Database schema initialized successfully
Ghosts seeded successfully
Database schema initialized successfully
Ghosts seeded successfully
Database schema initialized successfully
Ghosts seeded successfully
Database schema initialized successfully
Ghosts seeded successfully
Database schema initialized successfully
Ghosts seeded successfully
Database schema initialized successfully
Ghosts seeded successfully
Database schema initialized successfully
Ghosts seeded successfully
Database schema initialized successfully
Ghosts seeded successfully
Database schema initialized successfully
Ghosts seeded successfully
Database schema initialized successfully
Ghosts seeded successfully
Database schema initialized successfully
Ghosts seeded successfully
Database schema initialized successfully
Ghosts seeded successfully
Database schema initialized successfully
Ghosts seeded successfully
Database schema initialized successfully
Ghosts seeded successfully
Database schema initialized successfully
Ghosts seeded successfully
Database schema initialized successfully
Ghosts seeded successfully
Database schema initialized successfully
Ghosts seeded successfully
Database schema initialized successfully
Ghosts seeded successfully
Database schema initialized successfully
Ghosts seeded successfully
Database schema initialized successfully
Ghosts seeded successfully
Database schema initialized successfully
Ghosts seeded successfully
Database schema initialized successfully
Ghosts seeded successfully
Database schema initialized successfully
Ghosts seeded successfully
Database schema initialized successfully
Ghosts seeded successfully
Database schema initialized successfully
Ghosts seeded successfully
Database schema initialized successfully
Ghosts seeded successfully
Database schema initialized successfully
Ghosts seeded successfully
Database schema initialized successfully
Ghosts seeded successfully
Database schema initialized successfully
Ghosts seeded successfully
Database schema initialized successfully
Ghosts seeded successfully
Database schema initialized successfully
Ghosts seeded successfully
Database schema initialized successfully
Ghosts seeded successfully
Database schema initialized successfully
Ghosts seeded successfully
Database schema initialized successfully
Ghosts seeded successfully
Database schema initialized successfully
Ghosts seeded successfully
Database schema initialized successfully
Ghosts seeded successfully
Database schema initialized successfully
Ghosts seeded successfully
Database schema initialized successfully
Ghosts seeded successfully
Database schema initialized successfully
Ghosts seeded successfully
Database schema initialized successfully
Ghosts seeded successfully
Database schema initialized successfully
Ghosts seeded successfully
Database schema initialized successfully
Ghosts seeded successfully
Database schema initialized successfully
Ghosts seeded successfully
Database schema initialized successfully
Ghosts seeded successfully
Database schema initialized successfully
Ghosts seeded successfully
Database schema initialized successfully
Ghosts seeded successfully
Database schema initialized successfully
Ghosts seeded successfully
Database schema initialized successfully
Ghosts seeded successfully
Database schema initialized successfully
Ghosts seeded successfully
Database schema initialized successfully
Ghosts seeded successfully
Database schema initialized successfully
Ghosts seeded successfully
Database schema initialized successfully
Ghosts seeded successfully
Database schema initialized successfully
Ghosts seeded successfully
Database schema initialized successfully
Ghosts seeded successfully
Database schema initialized successfully
Ghosts seeded successfully
Database schema initialized successfully
Ghosts seeded successfully
Database schema initialized successfully
Ghosts seeded successfully
Database schema initialized successfully
Ghosts seeded successfully
Database schema initialized successfully
Ghosts seeded successfully
Database schema initialized successfully
Ghosts seeded successfully
Database schema initialized successfully
Ghosts seeded successfully
Database schema initialized successfully
Ghosts seeded successfully
Database schema initialized successfully
Ghosts seeded successfully
Database schema initialized successfully
Ghosts seeded successfully
Database schema initialized successfully
Ghosts seeded successfully
Database schema initialized successfully
Ghosts seeded successfully
Database schema initialized successfully
Ghosts seeded successfully
Database schema initialized successfully
Ghosts seeded successfully
Database schema initialized successfully
Ghosts seeded successfully
Database schema initialized successfully
Ghosts seeded successfully
Database schema initialized successfully
Ghosts seeded successfully
Database schema initialized successfully
Ghosts seeded successfully
Database schema initialized successfully
Ghosts seeded successfully
Database schema initialized successfully
Ghosts seeded successfully
Database schema initialized successfully
Ghosts seeded successfully
Database schema initialized successfully
Ghosts seeded successfully
Database schema initialized successfully
Ghosts seeded successfully
Database schema initialized successfully
Ghosts seeded successfully
Database schema initialized successfully
Ghosts seeded successfully
Database schema initialized successfully
Ghosts seeded successfully
Database schema initialized successfully
Ghosts seeded successfully
Database schema initialized successfully
Ghosts seeded successfully
Database schema initialized successfully
Ghosts seeded successfully
Database schema initialized successfully
Ghosts seeded successfully
Database schema initialized successfully
Ghosts seeded successfully
Database schema initialized successfully
Ghosts seeded successfully
Database schema initialized successfully
Ghosts seeded successfully
Database schema initialized successfully
Ghosts seeded successfully
Database schema initialized successfully
Ghosts seeded successfully
Database schema initialized successfully
Ghosts seeded successfully
Database schema initialized successfully
Ghosts seeded successfully
Database schema initialized successfully
Ghosts seeded successfully
Database schema initialized successfully
Ghosts seeded successfully
Database schema initialized successfully
Ghosts seeded successfully
Database schema initialized successfully
Ghosts seeded successfully
Database schema initialized successfully
Ghosts seeded successfully
Database schema initialized successfully
Ghosts seeded successfully
Database schema initialized successfully
Ghosts seeded successfully
Database schema initialized successfully
Ghosts seeded successfully
Database schema initialized successfully
Ghosts seeded successfully
Database schema initialized successfully
Ghosts seeded successfully
Database schema initialized successfully
Ghosts seeded successfully
Database schema initialized successfully
Ghosts seeded successfully
Database schema initialized successfully
Ghosts seeded successfully
Database schema initialized successfully
Ghosts seeded successfully
Database schema initialized successfully
Ghosts seeded successfully
Database schema initialized successfully
Ghosts seeded successfully
Database schema initialized successfully
Ghosts seeded successfully
Database schema initialized successfully
Ghosts seeded successfully
Database schema initialized successfully
Ghosts seeded successfully
Database schema initialized successfully
Ghosts seeded successfully
Database schema initialized successfully
Ghosts seeded successfully
Database schema initialized successfully
Ghosts seeded successfully
Database schema initialized successfully
Ghosts seeded successfully
Database schema initialized successfully
Ghosts seeded successfully
Database schema initialized successfully
Ghosts seeded successfully
Database schema initialized successfully
Ghosts seeded successfully
Database schema initialized successfully
Ghosts seeded successfully
Database schema initialized successfully
Ghosts seeded successfully
Database schema initialized successfully
Ghosts seeded successfully
Database schema initialized successfully
Ghosts seeded successfully
Database schema initialized successfully
Ghosts seeded successfully
Database schema initialized successfully
Ghosts seeded successfully
Database schema initialized successfully
Ghosts seeded successfully
Database schema initialized successfully
Ghosts seeded successfully
Database schema initialized successfully
Ghosts seeded successfully
Database schema initialized successfully
Ghosts seeded successfully
Database schema initialized successfully
Ghosts seeded successfully
Database schema initialized successfully
Ghosts seeded successfully
Database schema initialized successfully
Ghosts seeded successfully
Database schema initialized successfully
Ghosts seeded successfully
Database schema initialized successfully
Ghosts seeded successfully
Database schema initialized successfully
Ghosts seeded successfully
Database schema initialized successfully
Ghosts seeded successfully
Database schema initialized successfully
Ghosts seeded successfully
Database schema initialized successfully
Ghosts seeded successfully
Database schema initialized successfully
Ghosts seeded successfully
Database schema initialized successfully
Ghosts seeded successfully
Database schema initialized successfully
Ghosts seeded successfully
Database schema initialized successfully
Ghosts seeded successfully
Database schema initialized successfully
Ghosts seeded successfully
Database schema initialized successfully
Ghosts seeded successfully
Database schema initialized successfully
Ghosts seeded successfully
Database schema initialized successfully
Ghosts seeded successfully
Database schema initialized successfully
Ghosts seeded successfully
Database schema initialized successfully
Ghosts seeded successfully
Database schema initialized successfully
Ghosts seeded successfully
Database schema initialized successfully
Ghosts seeded successfully
Database schema initialized successfully
Ghosts seeded successfully
Database schema initialized successfully
Ghosts seeded successfully
Database schema initialized successfully
Ghosts seeded successfully
Database schema initialized successfully
Ghosts seeded successfully
Database schema initialized successfully
Ghosts seeded successfully
Database schema initialized successfully
Ghosts seeded successfully
Database schema initialized successfully
Ghosts seeded successfully
Database schema initialized successfully
Ghosts seeded successfully
Database schema initialized successfully
Ghosts seeded successfully
Database schema initialized successfully
Ghosts seeded successfully
Database schema initialized successfully
Ghosts seeded successfully
Database schema initialized successfully
Ghosts seeded successfully
Database schema initialized successfully
Ghosts seeded successfully
Database schema initialized successfully
Ghosts seeded successfully
Database schema initialized successfully
Ghosts seeded successfully
Database schema initialized successfully
Ghosts seeded successfully
Database schema initialized successfully
Ghosts seeded successfully
Database schema initialized successfully
Ghosts seeded successfully
Database schema initialized successfully
Ghosts seeded successfully
Database schema initialized successfully
Ghosts seeded successfully
Database schema initialized successfully
Ghosts seeded successfully
Database schema initialized successfully
Ghosts seeded successfully
Database schema initialized successfully
Ghosts seeded successfully
Database schema initialized successfully
Ghosts seeded successfully
Database schema initialized successfully
Ghosts seeded successfully
Database schema initialized successfully
Ghosts seeded successfully
Database schema initialized successfully
Ghosts seeded successfully
Database schema initialized successfully
Ghosts seeded successfully
Database schema initialized successfully
Ghosts seeded successfully
Database schema initialized successfully
Ghosts seeded successfully
Database schema initialized successfully
Ghosts seeded successfully
Database schema initialized successfully
Ghosts seeded successfully
Database schema initialized successfully
Ghosts seeded successfully
Database schema initialized successfully
Ghosts seeded successfully
Database schema initialized successfully
Ghosts seeded successfully
Database schema initialized successfully
Ghosts seeded successfully
Database schema initialized successfully
Ghosts seeded successfully
Database schema initialized successfully
Ghosts seeded successfully
Database schema initialized successfully
Ghosts seeded successfully
Database schema initialized successfully
Ghosts seeded successfully
Database schema initialized successfully
Ghosts seeded successfully
Database schema initialized successfully
Ghosts seeded successfully
Database schema initialized successfully
Ghosts seeded successfully
Database schema initialized successfully
Ghosts seeded successfully
Database schema initialized successfully
Ghosts seeded successfully
Database schema initialized successfully
Ghosts seeded successfully
Database schema initialized successfully
Ghosts seeded successfully
Database schema initialized successfully
Ghosts seeded successfully
Database schema initialized successfully
Ghosts seeded successfully
Database schema initialized successfully
Ghosts seeded successfully
Database schema initialized successfully
Ghosts seeded successfully
Database schema initialized successfully
Ghosts seeded successfully
Database schema initialized successfully
Ghosts seeded successfully
Database schema initialized successfully
Ghosts seeded successfully
Database schema initialized successfully
Ghosts seeded successfully
Database schema initialized successfully
Ghosts seeded successfully
Database schema initialized successfully
Ghosts seeded successfully
Database schema initialized successfully
Ghosts seeded successfully
Database schema initialized successfully
Ghosts seeded successfully
Database schema initialized successfully
Ghosts seeded successfully
Database schema initialized successfully
Ghosts seeded successfully
Database schema initialized successfully
Ghosts seeded successfully
Database schema initialized successfully
Ghosts seeded successfully
Database schema initialized successfully
Ghosts seeded successfully
Database schema initialized successfully
Ghosts seeded successfully
Database schema initialized successfully
Ghosts seeded successfully
Database schema initialized successfully
Ghosts seeded successfully
Database schema initialized successfully
Ghosts seeded successfully
Database schema initialized successfully
Ghosts seeded successfully
Database schema initialized successfully
Ghosts seeded successfully
Database schema initialized successfully
Ghosts seeded successfully
Database schema initialized successfully
Ghosts seeded successfully
Database schema initialized successfully
Ghosts seeded successfully
Database schema initialized successfully
Ghosts seeded successfully
Database schema initialized successfully
Ghosts seeded successfully
Database schema initialized successfully
Ghosts seeded successfully
Database schema initialized successfully
Ghosts seeded successfully
Database schema initialized successfully
Ghosts seeded successfully
Database schema initialized successfully
Ghosts seeded successfully
Database schema initialized successfully
Ghosts seeded successfully
Database schema initialized successfully
Ghosts seeded successfully
Database schema initialized successfully
Ghosts seeded successfully
Database schema initialized successfully
Ghosts seeded successfully
Database schema initialized successfully
Ghosts seeded successfully
Database schema initialized successfully
Ghosts seeded successfully
Database schema initialized successfully
Ghosts seeded successfully
Database schema initialized successfully
Ghosts seeded successfully
Database schema initialized successfully
Ghosts seeded successfully
Database schema initialized successfully
Ghosts seeded successfully
Database schema initialized successfully
Ghosts seeded successfully
Database schema initialized successfully
Ghosts seeded successfully
Database schema initialized successfully
Ghosts seeded successfully
Database schema initialized successfully
Ghosts seeded successfully
Database schema initialized successfully
Ghosts seeded successfully
Database schema initialized successfully
Ghosts seeded successfully
Database schema initialized successfully
Ghosts seeded successfully
Database schema initialized successfully
Ghosts seeded successfully
Database schema initialized successfully
Ghosts seeded successfully
Database schema initialized successfully
Ghosts seeded successfully
Database schema initialized successfully
Ghosts seeded successfully
Database schema initialized successfully
Ghosts seeded successfully
Database schema initialized successfully
Ghosts seeded successfully
Database schema initialized successfully
Ghosts seeded successfully
Database schema initialized successfully
Ghosts seeded successfully
Database schema initialized successfully
Ghosts seeded successfully
Database schema initialized successfully
Ghosts seeded successfully
Database schema initialized successfully
Ghosts seeded successfully
Database schema initialized successfully
Ghosts seeded successfully
Database schema initialized successfully
Ghosts seeded successfully
Database schema initialized successfully
Ghosts seeded successfully
Database schema initialized successfully
Ghosts seeded successfully
Database schema initialized successfully
Ghosts seeded successfully
Database schema initialized successfully
Ghosts seeded successfully
Database schema initialized successfully
Ghosts seeded successfully
Database schema initialized successfully
Ghosts seeded successfully
Database schema initialized successfully
Ghosts seeded successfully
Database schema initialized successfully
Ghosts seeded successfully
Database schema initialized successfully
Ghosts seeded successfully
Database schema initialized successfully
Ghosts seeded successfully
Database schema initialized successfully
Ghosts seeded successfully
Database schema initialized successfully
Ghosts seeded successfully
Database schema initialized successfully
Ghosts seeded successfully
Database schema initialized successfully
Ghosts seeded successfully
Database schema initialized successfully
Ghosts seeded successfully
Database schema initialized successfully
Ghosts seeded successfully
Database schema initialized successfully
Ghosts seeded successfully
Database schema initialized successfully
Ghosts seeded successfully
Database schema initialized successfully
Ghosts seeded successfully
Database schema initialized successfully
Ghosts seeded successfully
Database schema initialized successfully
Ghosts seeded successfully
Database schema initialized successfully
Ghosts seeded successfully
Database schema initialized successfully
Ghosts seeded successfully
Database schema initialized successfully
Ghosts seeded successfully
Database schema initialized successfully
Ghosts seeded successfully
Database schema initialized successfully
Ghosts seeded successfully
Database schema initialized successfully
Ghosts seeded successfully
Database schema initialized successfully
Ghosts seeded successfully
Database schema initialized successfully
Ghosts seeded successfully
Database schema initialized successfully
Ghosts seeded successfully
Database schema initialized successfully
Ghosts seeded successfully
Database schema initialized successfully
Ghosts seeded successfully
Database schema initialized successfully
Ghosts seeded successfully
Database schema initialized successfully
Ghosts seeded successfully
Database schema initialized successfully
Ghosts seeded successfully
Database schema initialized successfully
Ghosts seeded successfully
Database schema initialized successfully
Ghosts seeded successfully
Database schema initialized successfully
Ghosts seeded successfully
Database schema initialized successfully
Ghosts seeded successfully
Database schema initialized successfully
Ghosts seeded successfully
Database schema initialized successfully
Ghosts seeded successfully
Database schema initialized successfully
Ghosts seeded successfully
Database schema initialized successfully
Ghosts seeded successfully
Database schema initialized successfully
Ghosts seeded successfully
Database schema initialized successfully
Ghosts seeded successfully
Database schema initialized successfully
Ghosts seeded successfully
Database schema initialized successfully
Ghosts seeded successfully
Database schema initialized successfully
Ghosts seeded successfully
Database schema initialized successfully
Ghosts seeded successfully
Database schema initialized successfully
Ghosts seeded successfully
Database schema initialized successfully
Ghosts seeded successfully
Database schema initialized successfully
Ghosts seeded successfully
Database schema initialized successfully
Ghosts seeded successfully
Database schema initialized successfully
Ghosts seeded successfully
Database schema initialized successfully
Ghosts seeded successfully
Database schema initialized successfully
Ghosts seeded successfully
Database schema initialized successfully
Ghosts seeded successfully
Database schema initialized successfully
Ghosts seeded successfully
Database schema initialized successfully
Ghosts seeded successfully
Database schema initialized successfully
Ghosts seeded successfully
Database schema initialized successfully
Ghosts seeded successfully
Database schema initialized successfully
Ghosts seeded successfully
Database schema initialized successfully
Ghosts seeded successfully
Database schema initialized successfully
Ghosts seeded successfully
Database schema initialized successfully
Ghosts seeded successfully
Database schema initialized successfully
Ghosts seeded successfully
Database schema initialized successfully
Ghosts seeded successfully
Database schema initialized successfully
Ghosts seeded successfully
Database schema initialized successfully
Ghosts seeded successfully
Database schema initialized successfully
Ghosts seeded successfully
Database schema initialized successfully
Ghosts seeded successfully
Database schema initialized successfully
Ghosts seeded successfully
Database schema initialized successfully
Ghosts seeded successfully
Database schema initialized successfully
Ghosts seeded successfully
Database schema initialized successfully
Ghosts seeded successfully
Database schema initialized successfully
Ghosts seeded successfully
Database schema initialized successfully
Ghosts seeded successfully
Database schema initialized successfully
Ghosts seeded successfully
Database schema initialized successfully
Ghosts seeded successfully
Database schema initialized successfully
Ghosts seeded successfully
Database schema initialized successfully
Ghosts seeded successfully
Database schema initialized successfully
Ghosts seeded successfully
Database schema initialized successfully
Ghosts seeded successfully
Database schema initialized successfully
Ghosts seeded successfully
Database schema initialized successfully
Ghosts seeded successfully
Database schema initialized successfully
Ghosts seeded successfully
Database schema initialized successfully
Ghosts seeded successfully
Database schema initialized successfully
Ghosts seeded successfully
Database schema initialized successfully
Ghosts seeded successfully
Database schema initialized successfully
Ghosts seeded successfully
Database schema initialized successfully
Ghosts seeded successfully
Database schema initialized successfully
Ghosts seeded successfully
Database schema initialized successfully
Ghosts seeded successfully
Database schema initialized successfully
Ghosts seeded successfully
Database schema initialized successfully
Ghosts seeded successfully
Database schema initialized successfully
Ghosts seeded successfully
Database schema initialized successfully
Ghosts seeded successfully
Database schema initialized successfully
Ghosts seeded successfully
Database schema initialized successfully
Ghosts seeded successfully
Database schema initialized successfully
Ghosts seeded successfully
Database schema initialized successfully
Ghosts seeded successfully
Database schema initialized successfully
Ghosts seeded successfully
Database schema initialized successfully
Ghosts seeded successfully
Database schema initialized successfully
Ghosts seeded successfully
Database schema initialized successfully
Ghosts seeded successfully
Database schema initialized successfully
Ghosts seeded successfully
Database schema initialized successfully
Ghosts seeded successfully
Database schema initialized successfully
Ghosts seeded successfully
Database schema initialized successfully
Ghosts seeded successfully
Database schema initialized successfully
Ghosts seeded successfully
Database schema initialized successfully
Ghosts seeded successfully
Database schema initialized successfully
Ghosts seeded successfully
Database schema initialized successfully
Ghosts seeded successfully
Database schema initialized successfully
Ghosts seeded successfully
Database schema initialized successfully
Ghosts seeded successfully
Database schema initialized successfully
Ghosts seeded successfully
Database schema initialized successfully
Ghosts seeded successfully
Database schema initialized successfully
Ghosts seeded successfully
Database schema initialized successfully
Ghosts seeded successfully
Database schema initialized successfully
Ghosts seeded successfully
Database schema initialized successfully
Ghosts seeded successfully
Database schema initialized successfully
Ghosts seeded successfully
Database schema initialized successfully
Ghosts seeded successfully
Database schema initialized successfully
Ghosts seeded successfully
Database schema initialized successfully
Ghosts seeded successfully
Database schema initialized successfully
Ghosts seeded successfully
Database schema initialized successfully
Ghosts seeded successfully
Database schema initialized successfully
Ghosts seeded successfully
Database schema initialized successfully
Ghosts seeded successfully
Database schema initialized successfully
Ghosts seeded successfully
Database schema initialized successfully
Ghosts seeded successfully
Database schema initialized successfully
Ghosts seeded successfully
Database schema initialized successfully
Ghosts seeded successfully
Database schema initialized successfully
Ghosts seeded successfully
Database schema initialized successfully
Ghosts seeded successfully
Database schema initialized successfully
Ghosts seeded successfully
Database schema initialized successfully
Ghosts seeded successfully
Database schema initialized successfully
Ghosts seeded successfully
Database schema initialized successfully
Ghosts seeded successfully
Database schema initialized successfully
Ghosts seeded successfully
Database schema initialized successfully
Ghosts seeded successfully
Database schema initialized successfully
Ghosts seeded successfully
Database schema initialized successfully
Ghosts seeded successfully
Database schema initialized successfully
Ghosts seeded successfully
Database schema initialized successfully
Ghosts seeded successfully
Database schema initialized successfully
Ghosts seeded successfully
Database schema initialized successfully
Ghosts seeded successfully
Database schema initialized successfully
Ghosts seeded successfully
Database schema initialized successfully
Ghosts seeded successfully
Database schema initialized successfully
Ghosts seeded successfully
Database schema initialized successfully
Ghosts seeded successfully
Database schema initialized successfully
Ghosts seeded successfully
Database schema initialized successfully
Ghosts seeded successfully
Database schema initialized successfully
Ghosts seeded successfully
Database schema initialized successfully
Ghosts seeded successfully
Database schema initialized successfully
Ghosts seeded successfully
Database schema initialized successfully
Ghosts seeded successfully
Database schema initialized successfully
Ghosts seeded successfully
Database schema initialized successfully
Ghosts seeded successfully
Database schema initialized successfully
Ghosts seeded successfully
Database schema initialized successfully
Ghosts seeded successfully
Database schema initialized successfully
Ghosts seeded successfully
Database schema initialized successfully
Ghosts seeded successfully
Database schema initialized successfully
Ghosts seeded successfully
Database schema initialized successfully
Ghosts seeded successfully
Database schema initialized successfully
Ghosts seeded successfully
Database schema initialized successfully
Ghosts seeded successfully
Database schema initialized successfully
Ghosts seeded successfully
Database schema initialized successfully
Ghosts seeded successfully
Database schema initialized successfully
Ghosts seeded successfully
Database schema initialized successfully
Ghosts seeded successfully
Database schema initialized successfully
Ghosts seeded successfully
Database schema initialized successfully
Ghosts seeded successfully
Database schema initialized successfully
Ghosts seeded successfully
Database schema initialized successfully
Ghosts seeded successfully
Database schema initialized successfully
Ghosts seeded successfully
Database schema initialized successfully
Ghosts seeded successfully
Database schema initialized successfully
Ghosts seeded successfully
Database schema initialized successfully
Ghosts seeded successfully
Database schema initialized successfully
Ghosts seeded successfully
Database schema initialized successfully
Ghosts seeded successfully
Database schema initialized successfully
Ghosts seeded successfully
Database schema initialized successfully
Ghosts seeded successfully
Database schema initialized successfully
Ghosts seeded successfully
Database schema initialized successfully
Ghosts seeded successfully
Database schema initialized successfully
Ghosts seeded successfully
Database schema initialized successfully
Ghosts seeded successfully
Database schema initialized successfully
Ghosts seeded successfully
Database schema initialized successfully
Ghosts seeded successfully
Database schema initialized successfully
Ghosts seeded successfully
Database schema initialized successfully
Ghosts seeded successfully
Database schema initialized successfully
Ghosts seeded successfully
Database schema initialized successfully
Ghosts seeded successfully
Database schema initialized successfully
Ghosts seeded successfully
Database schema initialized successfully
Ghosts seeded successfully
Database schema initialized successfully
Ghosts seeded successfully
Database schema initialized successfully
Ghosts seeded successfully
Database schema initialized successfully
Ghosts seeded successfully
Database schema initialized successfully
Ghosts seeded successfully
Database schema initialized successfully
Ghosts seeded successfully
Database schema initialized successfully
Ghosts seeded successfully
Database schema initialized successfully
Ghosts seeded successfully
Database schema initialized successfully
Ghosts seeded successfully
Database schema initialized successfully
Ghosts seeded successfully
Database schema initialized successfully
Ghosts seeded successfully
Database schema initialized successfully
Ghosts seeded successfully
Database schema initialized successfully
Ghosts seeded successfully
Database schema initialized successfully
Ghosts seeded successfully
Database schema initialized successfully
Ghosts seeded successfully
Database schema initialized successfully
Ghosts seeded successfully
Database schema initialized successfully
Ghosts seeded successfully
Database schema initialized successfully
Ghosts seeded successfully
Database schema initialized successfully
Ghosts seeded successfully
Database schema initialized successfully
Ghosts seeded successfully
Database schema initialized successfully
Ghosts seeded successfully
Database schema initialized successfully
Ghosts seeded successfully
Database schema initialized successfully
Ghosts seeded successfully
Database schema initialized successfully
Ghosts seeded successfully
Database schema initialized successfully
Ghosts seeded successfully
Database schema initialized successfully
Ghosts seeded successfully
Database schema initialized successfully
Ghosts seeded successfully
Database schema initialized successfully
Ghosts seeded successfully
Database schema initialized successfully
Ghosts seeded successfully
Database schema initialized successfully
Ghosts seeded successfully
Database schema initialized successfully
Ghosts seeded successfully
Database schema initialized successfully
Ghosts seeded successfully
Database schema initialized successfully
Ghosts seeded successfully
Database schema initialized successfully
Ghosts seeded successfully
Database schema initialized successfully
Ghosts seeded successfully
Database schema initialized successfully
Ghosts seeded successfully
Database schema initialized successfully
Ghosts seeded successfully
Database schema initialized successfully
Ghosts seeded successfully
Database schema initialized successfully
Ghosts seeded successfully
Database schema initialized successfully
Ghosts seeded successfully
Database schema initialized successfully
Ghosts seeded successfully
Database schema initialized successfully
Ghosts seeded successfully
Database schema initialized successfully
Ghosts seeded successfully
Database schema initialized successfully
Ghosts seeded successfully
Database schema initialized successfully
Ghosts seeded successfully
Database schema initialized successfully
Ghosts seeded successfully
Database schema initialized successfully
Ghosts seeded successfully
Database schema initialized successfully
Ghosts seeded successfully
Database schema initialized successfully
Ghosts seeded successfully
Database schema initialized successfully
Ghosts seeded successfully
Database schema initialized successfully
Ghosts seeded successfully
Database schema initialized successfully
Ghosts seeded successfully
Database schema initialized successfully
Ghosts seeded successfully
Database schema initialized successfully
Ghosts seeded successfully
Database schema initialized successfully
Ghosts seeded successfully
Database schema initialized successfully
Ghosts seeded successfully
Database schema initialized successfully
Ghosts seeded successfully
Database schema initialized successfully
Ghosts seeded successfully
Database schema initialized successfully
Ghosts seeded successfully
Database schema initialized successfully
Ghosts seeded successfully
Database schema initialized successfully
Ghosts seeded successfully
Database schema initialized successfully
Ghosts seeded successfully
Database schema initialized successfully
Ghosts seeded successfully
Database schema initialized successfully
Ghosts seeded successfully
Database schema initialized successfully
Ghosts seeded successfully
Database schema initialized successfully
Ghosts seeded successfully
Database schema initialized successfully
Ghosts seeded successfully
Database schema initialized successfully
Ghosts seeded successfully
Database schema initialized successfully
Ghosts seeded successfully
Database schema initialized successfully
Ghosts seeded successfully
Database schema initialized successfully
Ghosts seeded successfully
Database schema initialized successfully
Ghosts seeded successfully
Database schema initialized successfully
Ghosts seeded successfully
Database schema initialized successfully
Ghosts seeded successfully
Database schema initialized successfully
Ghosts seeded successfully
Database schema initialized successfully
Ghosts seeded successfully
Database schema initialized successfully
Ghosts seeded successfully
Database schema initialized successfully
Ghosts seeded successfully
Database schema initialized successfully
Ghosts seeded successfully
Database schema initialized successfully
Ghosts seeded successfully
Database schema initialized successfully
Ghosts seeded successfully
Database schema initialized successfully
Ghosts seeded successfully
Database schema initialized successfully
Ghosts seeded successfully
Database schema initialized successfully
Ghosts seeded successfully
Database schema initialized successfully
Ghosts seeded successfully
Database schema initialized successfully
Ghosts seeded successfully
Database schema initialized successfully
Ghosts seeded successfully
Database schema initialized successfully
Ghosts seeded successfully
Database schema initialized successfully
Ghosts seeded successfully
Database schema initialized successfully
Ghosts seeded successfully
Database schema initialized successfully
Ghosts seeded successfully
Database schema initialized successfully
Ghosts seeded successfully
Database schema initialized successfully
Ghosts seeded successfully
Database schema initialized successfully
Ghosts seeded successfully
Database schema initialized successfully
Ghosts seeded successfully
Database schema initialized successfully
Ghosts seeded successfully
Database schema initialized successfully
Ghosts seeded successfully
Database schema initialized successfully
Ghosts seeded successfully
Database schema initialized successfully
Ghosts seeded successfully
Database schema initialized successfully
Ghosts seeded successfully
Database schema initialized successfully
Ghosts seeded successfully
Database schema initialized successfully
Ghosts seeded successfully
Database schema initialized successfully
Ghosts seeded successfully
Database schema initialized successfully
Ghosts seeded successfully
Database schema initialized successfully
Ghosts seeded successfully
Database schema initialized successfully
Ghosts seeded successfully
Database schema initialized successfully
Ghosts seeded successfully
Database schema initialized successfully
Ghosts seeded successfully
Database schema initialized successfully
Ghosts seeded successfully
Database schema initialized successfully
Ghosts seeded successfully
Database schema initialized successfully
Ghosts seeded successfully
Database schema initialized successfully
Ghosts seeded successfully
Database schema initialized successfully
Ghosts seeded successfully
Database schema initialized successfully
Ghosts seeded successfully
Database schema initialized successfully
Ghosts seeded successfully
Database schema initialized successfully
Ghosts seeded successfully
Database schema initialized successfully
Ghosts seeded successfully
Database schema initialized successfully
Ghosts seeded successfully
Database schema initialized successfully
Ghosts seeded successfully
Database schema initialized successfully
Ghosts seeded successfully
Database schema initialized successfully
Ghosts seeded successfully
Database schema initialized successfully
Ghosts seeded successfully
Database schema initialized successfully
Ghosts seeded successfully
Database schema initialized successfully
Ghosts seeded successfully
Database schema initialized successfully
Ghosts seeded successfully
Database schema initialized successfully
Ghosts seeded successfully
Database schema initialized successfully
Ghosts seeded successfully
Database schema initialized successfully
Ghosts seeded successfully
Database schema initialized successfully
Ghosts seeded successfully
Database schema initialized successfully
Ghosts seeded successfully
Database schema initialized successfully
Ghosts seeded successfully
Database schema initialized successfully
Ghosts seeded successfully
Database schema initialized successfully
Ghosts seeded successfully
Database schema initialized successfully
Ghosts seeded successfully
Database schema initialized successfully
Ghosts seeded successfully
Database schema initialized successfully
Ghosts seeded successfully
Database schema initialized successfully
Ghosts seeded successfully
Database schema initialized successfully
Ghosts seeded successfully
Database schema initialized successfully
Ghosts seeded successfully
Database schema initialized successfully
Ghosts seeded successfully
Database schema initialized successfully
Ghosts seeded successfully
Database schema initialized successfully
Ghosts seeded successfully
Database schema initialized successfully
Ghosts seeded successfully
Database schema initialized successfully
Ghosts seeded successfully
Database schema initialized successfully
Ghosts seeded successfully
Database schema initialized successfully
Ghosts seeded successfully
Database schema initialized successfully
Ghosts seeded successfully
Database schema initialized successfully
Ghosts seeded successfully
Database schema initialized successfully
Ghosts seeded successfully
Database schema initialized successfully
Ghosts seeded successfully
Database schema initialized successfully
Ghosts seeded successfully
Database schema initialized successfully
Ghosts seeded successfully
Database schema initialized successfully
Ghosts seeded successfully
Database schema initialized successfully
Ghosts seeded successfully
Database schema initialized successfully
Ghosts seeded successfully
Database schema initialized successfully
Ghosts seeded successfully
Database schema initialized successfully
Ghosts seeded successfully
Database schema initialized successfully
Ghosts seeded successfully
Database schema initialized successfully
Ghosts seeded successfully
Database schema initialized successfully
Ghosts seeded successfully
Database schema initialized successfully
Ghosts seeded successfully
Database schema initialized successfully
Ghosts seeded successfully
Database schema initialized successfully
Ghosts seeded successfully
Database schema initialized successfully
Ghosts seeded successfully
Database schema initialized successfully
Ghosts seeded successfully
Database schema initialized successfully
Ghosts seeded successfully
Database schema initialized successfully
Ghosts seeded successfully
Database schema initialized successfully
Ghosts seeded successfully
Database schema initialized successfully
Ghosts seeded successfully
Database schema initialized successfully
Ghosts seeded successfully
Database schema initialized successfully
Ghosts seeded successfully
Database schema initialized successfully
Ghosts seeded successfully
Database schema initialized successfully
Ghosts seeded successfully
Database schema initialized successfully
Ghosts seeded successfully
Database schema initialized successfully
Ghosts seeded successfully
Database schema initialized successfully
Ghosts seeded successfully
Database schema initialized successfully
Ghosts seeded successfully
Database schema initialized successfully
Ghosts seeded successfully
Database schema initialized successfully
Ghosts seeded successfully
Database schema initialized successfully
Ghosts seeded successfully
Database schema initialized successfully
Ghosts seeded successfully
Database schema initialized successfully
Ghosts seeded successfully
Database schema initialized successfully
Ghosts seeded successfully
Database schema initialized successfully
Ghosts seeded successfully
Database schema initialized successfully
Ghosts seeded successfully
Database schema initialized successfully
Ghosts seeded successfully
Database schema initialized successfully
Ghosts seeded successfully
Database schema initialized successfully
Ghosts seeded successfully
Database schema initialized successfully
Ghosts seeded successfully
Database schema initialized successfully
Ghosts seeded successfully
Database schema initialized successfully
Ghosts seeded successfully
Database schema initialized successfully
Ghosts seeded successfully
Database schema initialized successfully
Ghosts seeded successfully
Database schema initialized successfully
Ghosts seeded successfully
Database schema initialized successfully
Ghosts seeded successfully
Database schema initialized successfully
Ghosts seeded successfully
Database schema initialized successfully
Ghosts seeded successfully
Database schema initialized successfully
Ghosts seeded successfully
Database schema initialized successfully
Ghosts seeded successfully
Database schema initialized successfully
Ghosts seeded successfully
Database schema initialized successfully
Ghosts seeded successfully
Database schema initialized successfully
Ghosts seeded successfully
Database schema initialized successfully
Ghosts seeded successfully
Database schema initialized successfully
Ghosts seeded successfully
Database schema initialized successfully
Ghosts seeded successfully
Database schema initialized successfully
Ghosts seeded successfully
Database schema initialized successfully
Ghosts seeded successfully
Database schema initialized successfully
Ghosts seeded successfully
Database schema initialized successfully
Ghosts seeded successfully
Database schema initialized successfully
Ghosts seeded successfully
Database schema initialized successfully
Ghosts seeded successfully
Database schema initialized successfully
Ghosts seeded successfully
Database schema initialized successfully
Ghosts seeded successfully
Database schema initialized successfully
Ghosts seeded successfully
Database schema initialized successfully
Ghosts seeded successfully
Database schema initialized successfully
Ghosts seeded successfully
Database schema initialized successfully
Ghosts seeded successfully
Database schema initialized successfully
Ghosts seeded successfully
Database schema initialized successfully
Ghosts seeded successfully
Database schema initialized successfully
Ghosts seeded successfully
Database schema initialized successfully
Ghosts seeded successfully
Database schema initialized successfully
Ghosts seeded successfully
Database schema initialized successfully
Ghosts seeded successfully
Database schema initialized successfully
Ghosts seeded successfully
Database schema initialized successfully
Ghosts seeded successfully
Database schema initialized successfully
Ghosts seeded successfully
Database schema initialized successfully
Ghosts seeded successfully
Database schema initialized successfully
Ghosts seeded successfully
Database schema initialized successfully
Ghosts seeded successfully
Database schema initialized successfully
Ghosts seeded successfully
Database schema initialized successfully
Ghosts seeded successfully
Database schema initialized successfully
Ghosts seeded successfully
Database schema initialized successfully
Ghosts seeded successfully
Database schema initialized successfully
Ghosts seeded successfully
Database schema initialized successfully
Ghosts seeded successfully
Database schema initialized successfully
Ghosts seeded successfully
Database schema initialized successfully
Ghosts seeded successfully
Database schema initialized successfully
Ghosts seeded successfully
Database schema initialized successfully
Ghosts seeded successfully
Database schema initialized successfully
Ghosts seeded successfully
Database schema initialized successfully
Ghosts seeded successfully
Database schema initialized successfully
Ghosts seeded successfully
Database schema initialized successfully
Ghosts seeded successfully
Database schema initialized successfully
Ghosts seeded successfully
Database schema initialized successfully
Ghosts seeded successfully
Database schema initialized successfully
Ghosts seeded successfully
Database schema initialized successfully
Ghosts seeded successfully
Database schema initialized successfully
Ghosts seeded successfully
Database schema initialized successfully
Ghosts seeded successfully
Database schema initialized successfully
Ghosts seeded successfully
Database schema initialized successfully
Ghosts seeded successfully
Database schema initialized successfully
Ghosts seeded successfully
Database schema initialized successfully
Ghosts seeded successfully
Database schema initialized successfully
Ghosts seeded successfully
Database schema initialized successfully
Ghosts seeded successfully
Database schema initialized successfully
Ghosts seeded successfully
Database schema initialized successfully
Ghosts seeded successfully
Database schema initialized successfully
Ghosts seeded successfully
Database schema initialized successfully
Ghosts seeded successfully
Database schema initialized successfully
Ghosts seeded successfully
Database schema initialized successfully
Ghosts seeded successfully
Database schema initialized successfully
Ghosts seeded successfully
Database schema initialized successfully
Ghosts seeded successfully
Database schema initialized successfully
Ghosts seeded successfully
Database schema initialized successfully
Ghosts seeded successfully
Database schema initialized successfully
Ghosts seeded successfully
Database schema initialized successfully
Ghosts seeded successfully
Database schema initialized successfully
Ghosts seeded successfully
Database schema initialized successfully
Ghosts seeded successfully
Database schema initialized successfully
Ghosts seeded successfully
Database schema initialized successfully
Ghosts seeded successfully
Database schema initialized successfully
Ghosts seeded successfully
Database schema initialized successfully
Ghosts seeded successfully
Database schema initialized successfully
Ghosts seeded successfully
Database schema initialized successfully
Ghosts seeded successfully
Database schema initialized successfully
Ghosts seeded successfully
Database schema initialized successfully
Ghosts seeded successfully
Database schema initialized successfully
Ghosts seeded successfully
Database schema initialized successfully
Ghosts seeded successfully
Database schema initialized successfully
Ghosts seeded successfully
Database schema initialized successfully
Ghosts seeded successfully
Database schema initialized successfully
Ghosts seeded successfully
Database schema initialized successfully
Ghosts seeded successfully
Database schema initialized successfully
Ghosts seeded successfully
Database schema initialized successfully
Ghosts seeded successfully
Database schema initialized successfully
Ghosts seeded successfully
Database schema initialized successfully
Ghosts seeded successfully
Database schema initialized successfully
Ghosts seeded successfully
Database schema initialized successfully
Ghosts seeded successfully
Database schema initialized successfully
Ghosts seeded successfully
Database schema initialized successfully
Ghosts seeded successfully
Database schema initialized successfully
Ghosts seeded successfully
Database schema initialized successfully
Ghosts seeded successfully
Database schema initialized successfully
Ghosts seeded successfully
Database schema initialized successfully
Ghosts seeded successfully
Database schema initialized successfully
Ghosts seeded successfully
Database schema initialized successfully
Ghosts seeded successfully
Database schema initialized successfully
Ghosts seeded successfully
Database schema initialized successfully
Ghosts seeded successfully
Database schema initialized successfully
Ghosts seeded successfully
Database schema initialized successfully
Ghosts seeded successfully
Database schema initialized successfully
Ghosts seeded successfully
Database schema initialized successfully
Ghosts seeded successfully
Database schema initialized successfully
Ghosts seeded successfully
Database schema initialized successfully
Ghosts seeded successfully
Database schema initialized successfully
Ghosts seeded successfully
Database schema initialized successfully
Ghosts seeded successfully
Database schema initialized successfully
Ghosts seeded successfully
Database schema initialized successfully
Ghosts seeded successfully
Database schema initialized successfully
Ghosts seeded successfully
Database schema initialized successfully
Ghosts seeded successfully
Database schema initialized successfully
Ghosts seeded successfully
Database schema initialized successfully
Ghosts seeded successfully
Database schema initialized successfully
Ghosts seeded successfully
Database schema initialized successfully
Ghosts seeded successfully
Database schema initialized successfully
Ghosts seeded successfully
Database schema initialized successfully
Ghosts seeded successfully
Database schema initialized successfully
Ghosts seeded successfully
Database schema initialized successfully
Ghosts seeded successfully
Database schema initialized successfully
Ghosts seeded successfully
Database schema initialized successfully
Ghosts seeded successfully
Database schema initialized successfully
Ghosts seeded successfully
Database schema initialized successfully
Ghosts seeded successfully
Database schema initialized successfully
Ghosts seeded successfully
Database schema initialized successfully
Ghosts seeded successfully
Database schema initialized successfully
Ghosts seeded successfully
Database schema initialized successfully
Ghosts seeded successfully
Database schema initialized successfully
Ghosts seeded successfully
Database schema initialized successfully
Ghosts seeded successfully
Database schema initialized successfully
Ghosts seeded successfully
Database schema initialized successfully
Ghosts seeded successfully
Database schema initialized successfully
Ghosts seeded successfully
Database schema initialized successfully
Ghosts seeded successfully
Database schema initialized successfully
Ghosts seeded successfully
Database schema initialized successfully
Ghosts seeded successfully
Database schema initialized successfully
Ghosts seeded successfully
Database schema initialized successfully
Ghosts seeded successfully
Database schema initialized successfully
Ghosts seeded successfully
Database schema initialized successfully
Ghosts seeded successfully
Database schema initialized successfully
Ghosts seeded successfully
Database schema initialized successfully
Ghosts seeded successfully
Database schema initialized successfully
Ghosts seeded successfully
Database schema initialized successfully
Ghosts seeded successfully
Database schema initialized successfully
Ghosts seeded successfully
Database schema initialized successfully
Ghosts seeded successfully
Database schema initialized successfully
Ghosts seeded successfully
Database schema initialized successfully
Ghosts seeded successfully
Database schema initialized successfully
Ghosts seeded successfully
Database schema initialized successfully
Ghosts seeded successfully
Database schema initialized successfully
Ghosts seeded successfully
Database schema initialized successfully
Ghosts seeded successfully
Database schema initialized successfully
Ghosts seeded successfully
Database schema initialized successfully
Ghosts seeded successfully
Database schema initialized successfully
Ghosts seeded successfully
Database schema initialized successfully
Ghosts seeded successfully
Database schema initialized successfully
Ghosts seeded successfully
Database schema initialized successfully
Ghosts seeded successfully
Database schema initialized successfully
Ghosts seeded successfully
Database schema initialized successfully
Ghosts seeded successfully
Database schema initialized successfully
Ghosts seeded successfully
Database schema initialized successfully
Ghosts seeded successfully
Database schema initialized successfully
Ghosts seeded successfully
Database schema initialized successfully
Ghosts seeded successfully
Database schema initialized successfully
Ghosts seeded successfully
Database schema initialized successfully
Ghosts seeded successfully
Database schema initialized successfully
Ghosts seeded successfully
Database schema initialized successfully
Ghosts seeded successfully
Database schema initialized successfully
Ghosts seeded successfully
Database schema initialized successfully
Ghosts seeded successfully
Database schema initialized successfully
Ghosts seeded successfully
Database schema initialized successfully
Ghosts seeded successfully
Database schema initialized successfully
Ghosts seeded successfully
Database schema initialized successfully
Ghosts seeded successfully
Database schema initialized successfully
Ghosts seeded successfully
Database schema initialized successfully
Ghosts seeded successfully
Database schema initialized successfully
Ghosts seeded successfully
Database schema initialized successfully
Ghosts seeded successfully
Database schema initialized successfully
Ghosts seeded successfully
Database schema initialized successfully
Ghosts seeded successfully
Database schema initialized successfully
Ghosts seeded successfully
Database schema initialized successfully
Ghosts seeded successfully
Database schema initialized successfully
Ghosts seeded successfully
Database schema initialized successfully
Ghosts seeded successfully
Database schema initialized successfully
Ghosts seeded successfully
Database schema initialized successfully
Ghosts seeded successfully
Database schema initialized successfully
Ghosts seeded successfully
Database schema initialized successfully
Ghosts seeded successfully
Database schema initialized successfully
Ghosts seeded successfully
Database schema initialized successfully
Ghosts seeded successfully
Database schema initialized successfully
Ghosts seeded successfully
Database schema initialized successfully
Ghosts seeded successfully
Database schema initialized successfully
Ghosts seeded successfully
Database schema initialized successfully
Ghosts seeded successfully
Database schema initialized successfully
Ghosts seeded successfully
Database schema initialized successfully
Ghosts seeded successfully
Database schema initialized successfully
Ghosts seeded successfully
Database schema initialized successfully
Ghosts seeded successfully
Database schema initialized successfully
Ghosts seeded successfully
Database schema initialized successfully
Ghosts seeded successfully
Database schema initialized successfully
Ghosts seeded successfully
Database schema initialized successfully
Ghosts seeded successfully
Database schema initialized successfully
Ghosts seeded successfully
Database schema initialized successfully
Ghosts seeded successfully
Database schema initialized successfully
Ghosts seeded successfully
Database schema initialized successfully
Ghosts seeded successfully
Database schema initialized successfully
Ghosts seeded successfully
Database schema initialized successfully
Ghosts seeded successfully
Database schema initialized successfully
Ghosts seeded successfully
Database schema initialized successfully
Ghosts seeded successfully
Database schema initialized successfully
Ghosts seeded successfully
Database schema initialized successfully
Ghosts seeded successfully
Database schema initialized successfully
Ghosts seeded successfully
Database schema initialized successfully
Ghosts seeded successfully
Database schema initialized successfully
Ghosts seeded successfully
Database schema initialized successfully
Ghosts seeded successfully
Database schema initialized successfully
Ghosts seeded successfully
Database schema initialized successfully
Ghosts seeded successfully
Database schema initialized successfully
Ghosts seeded successfully
Database schema initialized successfully
Ghosts seeded successfully
Database schema initialized successfully
Ghosts seeded successfully
Database schema initialized successfully
Ghosts seeded successfully
Database schema initialized successfully
Ghosts seeded successfully
Database schema initialized successfully
Ghosts seeded successfully
Database schema initialized successfully
Ghosts seeded successfully
Database schema initialized successfully
Ghosts seeded successfully
Database schema initialized successfully
Ghosts seeded successfully
Database schema initialized successfully
Ghosts seeded successfully
Database schema initialized successfully
Ghosts seeded successfully
Database schema initialized successfully
Ghosts seeded successfully
Database schema initialized successfully
Ghosts seeded successfully
Database schema initialized successfully
Ghosts seeded successfully
Database schema initialized successfully
Ghosts seeded successfully
Database schema initialized successfully
Ghosts seeded successfully
Database schema initialized successfully
Ghosts seeded successfully
Database schema initialized successfully
Ghosts seeded successfully
Database schema initialized successfully
Ghosts seeded successfully
Database schema initialized successfully
Ghosts seeded successfully
Database schema initialized successfully
Ghosts seeded successfully
Database schema initialized successfully
Ghosts seeded successfully
Database schema initialized successfully
Ghosts seeded successfully
Database schema initialized successfully
Ghosts seeded successfully
Database schema initialized successfully
Ghosts seeded successfully
Database schema initialized successfully
Ghosts seeded successfully
Database schema initialized successfully
Ghosts seeded successfully
Database schema initialized successfully
Ghosts seeded successfully
Database schema initialized successfully
Ghosts seeded successfully
Database schema initialized successfully
Ghosts seeded successfully
Database schema initialized successfully
Ghosts seeded successfully
Database schema initialized successfully
Ghosts seeded successfully
Database schema initialized successfully
Ghosts seeded successfully
Database schema initialized successfully
Ghosts seeded successfully
Database schema initialized successfully
Ghosts seeded successfully
Database schema initialized successfully
Ghosts seeded successfully
Database schema initialized successfully
Ghosts seeded successfully
Database schema initialized successfully
Ghosts seeded successfully
Database schema initialized successfully
Ghosts seeded successfully
Database schema initialized successfully
Ghosts seeded successfully
Database schema initialized successfully
Ghosts seeded successfully
Database schema initialized successfully
Ghosts seeded successfully
Database schema initialized successfully
Ghosts seeded successfully
Database schema initialized successfully
Ghosts seeded successfully
Database schema initialized successfully
Ghosts seeded successfully
Database schema initialized successfully
Ghosts seeded successfully
Database schema initialized successfully
Ghosts seeded successfully
Database schema initialized successfully
Ghosts seeded successfully
Database schema initialized successfully
Ghosts seeded successfully
Database schema initialized successfully
Ghosts seeded successfully
Database schema initialized successfully
Ghosts seeded successfully
Database schema initialized successfully
Ghosts seeded successfully
Database schema initialized successfully
Ghosts seeded successfully
Database schema initialized successfully
Ghosts seeded successfully
Database schema initialized successfully
Ghosts seeded successfully
Database schema initialized successfully
Ghosts seeded successfully
Database schema initialized successfully
Ghosts seeded successfully
Database schema initialized successfully
Ghosts seeded successfully
Database schema initialized successfully
Ghosts seeded successfully
Database schema initialized successfully
Ghosts seeded successfully
Database schema initialized successfully
Ghosts seeded successfully
Database schema initialized successfully
Ghosts seeded successfully
Database schema initialized successfully
Ghosts seeded successfully
Database schema initialized successfully
Ghosts seeded successfully
Database schema initialized successfully
Ghosts seeded successfully
Database schema initialized successfully
Ghosts seeded successfully
Database schema initialized successfully
Ghosts seeded successfully
Database schema initialized successfully
Ghosts seeded successfully
Database schema initialized successfully
Ghosts seeded successfully
Database schema initialized successfully
Ghosts seeded successfully
Database schema initialized successfully
Ghosts seeded successfully
Database schema initialized successfully
Ghosts seeded successfully
Database schema initialized successfully
Ghosts seeded successfully
Database schema initialized successfully
Ghosts seeded successfully
Database schema initialized successfully
Ghosts seeded successfully
Database schema initialized successfully
Ghosts seeded successfully
Database schema initialized successfully
Ghosts seeded successfully
Database schema initialized successfully
Ghosts seeded successfully
Database schema initialized successfully
Ghosts seeded successfully
Database schema initialized successfully
Ghosts seeded successfully
Database schema initialized successfully
Ghosts seeded successfully
Database schema initialized successfully
Ghosts seeded successfully
Database schema initialized successfully
Ghosts seeded successfully
Database schema initialized successfully
Ghosts seeded successfully
Database schema initialized successfully
Ghosts seeded successfully
Database schema initialized successfully
Ghosts seeded successfully
Database schema initialized successfully
Ghosts seeded successfully
Database schema initialized successfully
Ghosts seeded successfully
Database schema initialized successfully
Ghosts seeded successfully
Database schema initialized successfully
Ghosts seeded successfully
Database schema initialized successfully
Ghosts seeded successfully
Database schema initialized successfully
Ghosts seeded successfully
Database schema initialized successfully
Ghosts seeded successfully
Database schema initialized successfully
Ghosts seeded successfully
Database schema initialized successfully
Ghosts seeded successfully
Database schema initialized successfully
Ghosts seeded successfully
Database schema initialized successfully
Ghosts seeded successfully
Database schema initialized successfully
Ghosts seeded successfully
Database schema initialized successfully
Ghosts seeded successfully
Database schema initialized successfully
Ghosts seeded successfully
Database schema initialized successfully
Ghosts seeded successfully
Database schema initialized successfully
Ghosts seeded successfully
Database schema initialized successfully
Ghosts seeded successfully
Database schema initialized successfully
Ghosts seeded successfully
Database schema initialized successfully
Ghosts seeded successfully
Database schema initialized successfully
Ghosts seeded successfully
Database schema initialized successfully
Ghosts seeded successfully
Database schema initialized successfully
Ghosts seeded successfully
Database schema initialized successfully
Ghosts seeded successfully
Database schema initialized successfully
Ghosts seeded successfully
Database schema initialized successfully
Ghosts seeded successfully
Database schema initialized successfully
Ghosts seeded successfully
Database schema initialized successfully
Ghosts seeded successfully
Database schema initialized successfully
Ghosts seeded successfully
Database schema initialized successfully
Ghosts seeded successfully
Database schema initialized successfully
Ghosts seeded successfully
Database schema initialized successfully
Ghosts seeded successfully
Database schema initialized successfully
Ghosts seeded successfully
Database schema initialized successfully
Ghosts seeded successfully
Database schema initialized successfully
Ghosts seeded successfully
Database schema initialized successfully
Ghosts seeded successfully
Database schema initialized successfully
Ghosts seeded successfully
Database schema initialized successfully
Ghosts seeded successfully
Database schema initialized successfully
Ghosts seeded successfully
Database schema initialized successfully
Ghosts seeded successfully
Database schema initialized successfully
Ghosts seeded successfully
Database schema initialized successfully
Ghosts seeded successfully
Database schema initialized successfully
Ghosts seeded successfully
Database schema initialized successfully
Ghosts seeded successfully
Database schema initialized successfully
Ghosts seeded successfully
Database schema initialized successfully
Ghosts seeded successfully
Database schema initialized successfully
Ghosts seeded successfully
Database schema initialized successfully
Ghosts seeded successfully
Database schema initialized successfully
Ghosts seeded successfully
Database schema initialized successfully
Ghosts seeded successfully
Database schema initialized successfully
Ghosts seeded successfully
Database schema initialized successfully
Ghosts seeded successfully
Database schema initialized successfully
Ghosts seeded successfully
Database schema initialized successfully
Ghosts seeded successfully
Database schema initialized successfully
Ghosts seeded successfully
Database schema initialized successfully
Ghosts seeded successfully
Database schema initialized successfully
Ghosts seeded successfully
Database schema initialized successfully
Ghosts seeded successfully
Database schema initialized successfully
Ghosts seeded successfully
Database schema initialized successfully
Ghosts seeded successfully
Database schema initialized successfully
Ghosts seeded successfully
Database schema initialized successfully
Ghosts seeded successfully
Database schema initialized successfully
Ghosts seeded successfully
Database schema initialized successfully
Ghosts seeded successfully
Database schema initialized successfully
Ghosts seeded successfully
Database schema initialized successfully
Ghosts seeded successfully
Database schema initialized successfully
Ghosts seeded successfully
Database schema initialized successfully
Ghosts seeded successfully
Database schema initialized successfully
Ghosts seeded successfully
Database schema initialized successfully
Ghosts seeded successfully
Database schema initialized successfully
Ghosts seeded successfully
Database schema initialized successfully
Ghosts seeded successfully
Database schema initialized successfully
Ghosts seeded successfully
Database schema initialized successfully
Ghosts seeded successfully
Database schema initialized successfully
Ghosts seeded successfully
Database schema initialized successfully
Ghosts seeded successfully
Database schema initialized successfully
Ghosts seeded successfully
Database schema initialized successfully
Ghosts seeded successfully
Database schema initialized successfully
Ghosts seeded successfully
Database schema initialized successfully
Ghosts seeded successfully
Database schema initialized successfully
Ghosts seeded successfully
Database schema initialized successfully
Ghosts seeded successfully
Database schema initialized successfully
Ghosts seeded successfully
Database schema initialized successfully
Ghosts seeded successfully
Database schema initialized successfully
Ghosts seeded successfully
Database schema initialized successfully
Ghosts seeded successfully
Database schema initialized successfully
Ghosts seeded successfully
Database schema initialized successfully
Ghosts seeded successfully
Database schema initialized successfully
Ghosts seeded successfully
Database schema initialized successfully
Ghosts seeded successfully
Database schema initialized successfully
Ghosts seeded successfully
Database schema initialized successfully
Ghosts seeded successfully
Database schema initialized successfully
Ghosts seeded successfully
Database schema initialized successfully
Ghosts seeded successfully
Database schema initialized successfully
Ghosts seeded successfully
Database schema initialized successfully
Ghosts seeded successfully
Database schema initialized successfully
Ghosts seeded successfully
Database schema initialized successfully
Ghosts seeded successfully
Database schema initialized successfully
Ghosts seeded successfully
Database schema initialized successfully
Ghosts seeded successfully
Database schema initialized successfully
Ghosts seeded successfully
Database schema initialized successfully
Ghosts seeded successfully
Database schema initialized successfully
Ghosts seeded successfully
Database schema initialized successfully
Ghosts seeded successfully
Database schema initialized successfully
Ghosts seeded successfully
Database schema initialized successfully
Ghosts seeded successfully
Database schema initialized successfully
Ghosts seeded successfully
Database schema initialized successfully
Ghosts seeded successfully
Database schema initialized successfully
Ghosts seeded successfully
Database schema initialized successfully
Ghosts seeded successfully
Database schema initialized successfully
Ghosts seeded successfully
Database schema initialized successfully
Ghosts seeded successfully
Database schema initialized successfully
Ghosts seeded successfully
Database schema initialized successfully
Ghosts seeded successfully
Database schema initialized successfully
Ghosts seeded successfully
Database schema initialized successfully
Ghosts seeded successfully
Database schema initialized successfully
Ghosts seeded successfully
Database schema initialized successfully
Ghosts seeded successfully
Database schema initialized successfully
Ghosts seeded successfully
Database schema initialized successfully
Ghosts seeded successfully
Database schema initialized successfully
Ghosts seeded successfully
Database schema initialized successfully
Ghosts seeded successfully
Database schema initialized successfully
Ghosts seeded successfully
Database schema initialized successfully
Ghosts seeded successfully
Database schema initialized successfully
Ghosts seeded successfully
Database schema initialized successfully
Ghosts seeded successfully
Database schema initialized successfully
Ghosts seeded successfully
Database schema initialized successfully
Ghosts seeded successfully
Database schema initialized successfully
Ghosts seeded successfully
Database schema initialized successfully
Ghosts seeded successfully
Database schema initialized successfully
Ghosts seeded successfully
Database schema initialized successfully
Ghosts seeded successfully
Database schema initialized successfully
Ghosts seeded successfully
Database schema initialized successfully
Ghosts seeded successfully
Database schema initialized successfully
Ghosts seeded successfully
Database schema initialized successfully
Ghosts seeded successfully
Database schema initialized successfully
Ghosts seeded successfully
Database schema initialized successfully
Ghosts seeded successfully
Database schema initialized successfully
Ghosts seeded successfully
Database schema initialized successfully
Ghosts seeded successfully
Database schema initialized successfully
Ghosts seeded successfully
Database schema initialized successfully
Ghosts seeded successfully
Database schema initialized successfully
Ghosts seeded successfully
Database schema initialized successfully
Ghosts seeded successfully
Database schema initialized successfully
Ghosts seeded successfully
Database schema initialized successfully
Ghosts seeded successfully
Database schema initialized successfully
Ghosts seeded successfully
Database schema initialized successfully
Ghosts seeded successfully
Database schema initialized successfully
Ghosts seeded successfully
Database schema initialized successfully
Ghosts seeded successfully
Database schema initialized successfully
Ghosts seeded successfully
Database schema initialized successfully
Ghosts seeded successfully
Database schema initialized successfully
Ghosts seeded successfully
Database schema initialized successfully
Ghosts seeded successfully
Database schema initialized successfully
Ghosts seeded successfully
Database schema initialized successfully
Ghosts seeded successfully
Database schema initialized successfully
Ghosts seeded successfully
Database schema initialized successfully
Ghosts seeded successfully
Database schema initialized successfully
Ghosts seeded successfully
Database schema initialized successfully
Ghosts seeded successfully
Database schema initialized successfully
Ghosts seeded successfully
Database schema initialized successfully
Ghosts seeded successfully
Database schema initialized successfully
Ghosts seeded successfully
Database schema initialized successfully
Ghosts seeded successfully
Database schema initialized successfully
Ghosts seeded successfully
Database schema initialized successfully
Ghosts seeded successfully
Database schema initialized successfully
Ghosts seeded successfully
Database schema initialized successfully
Ghosts seeded successfully
Database schema initialized successfully
Ghosts seeded successfully
Database schema initialized successfully
Ghosts seeded successfully
Database schema initialized successfully
Ghosts seeded successfully
Database schema initialized successfully
Ghosts seeded successfully
Database schema initialized successfully
Ghosts seeded successfully
Database schema initialized successfully
Ghosts seeded successfully
Database schema initialized successfully
Ghosts seeded successfully
Database schema initialized successfully
Ghosts seeded successfully
Database schema initialized successfully
Ghosts seeded successfully
Database schema initialized successfully
Ghosts seeded successfully
Database schema initialized successfully
Ghosts seeded successfully
Database schema initialized successfully
Ghosts seeded successfully
Database schema initialized successfully
Ghosts seeded successfully
Database schema initialized successfully
Ghosts seeded successfully
Database schema initialized successfully
Ghosts seeded successfully
Database schema initialized successfully
Ghosts seeded successfully
Database schema initialized successfully
Ghosts seeded successfully
Database schema initialized successfully
Ghosts seeded successfully
Database schema initialized successfully
Ghosts seeded successfully
Database schema initialized successfully
Ghosts seeded successfully
Database schema initialized successfully
Ghosts seeded successfully
Database schema initialized successfully
Ghosts seeded successfully
Database schema initialized successfully
Ghosts seeded successfully
Database schema initialized successfully
Ghosts seeded successfully
Database schema initialized successfully
Ghosts seeded successfully
Database schema initialized successfully
Ghosts seeded successfully
Database schema initialized successfully
Ghosts seeded successfully
Database schema initialized successfully
Ghosts seeded successfully
Database schema initialized successfully
Ghosts seeded successfully
Database schema initialized successfully
Ghosts seeded successfully
Database schema initialized successfully
Ghosts seeded successfully
Database schema initialized successfully
Ghosts seeded successfully
Database schema initialized successfully
Ghosts seeded successfully
Database schema initialized successfully
Ghosts seeded successfully
Database schema initialized successfully
Ghosts seeded successfully
Database schema initialized successfully
Ghosts seeded successfully
Database schema initialized successfully
Ghosts seeded successfully
Database schema initialized successfully
Ghosts seeded successfully
Database schema initialized successfully
Ghosts seeded successfully
Database schema initialized successfully
Ghosts seeded successfully
Database schema initialized successfully
Ghosts seeded successfully
Database schema initialized successfully
Ghosts seeded successfully
Database schema initialized successfully
Ghosts seeded successfully
Database schema initialized successfully
Ghosts seeded successfully
Database schema initialized successfully
Ghosts seeded successfully
Database schema initialized successfully
Ghosts seeded successfully
Database schema initialized successfully
Ghosts seeded successfully
Database schema initialized successfully
Ghosts seeded successfully
Database schema initialized successfully
Ghosts seeded successfully
Database schema initialized successfully
Ghosts seeded successfully
Database schema initialized successfully
Ghosts seeded successfully
Database schema initialized successfully
Ghosts seeded successfully
Database schema initialized successfully
Ghosts seeded successfully
Database schema initialized successfully
Ghosts seeded successfully
Database schema initialized successfully
Ghosts seeded successfully
Database schema initialized successfully
Ghosts seeded successfully
Database schema initialized successfully
Ghosts seeded successfully
Database schema initialized successfully
Ghosts seeded successfully
Database schema initialized successfully
Ghosts seeded successfully
Database schema initialized successfully
Ghosts seeded successfully
Database schema initialized successfully
Ghosts seeded successfully
Database schema initialized successfully
Ghosts seeded successfully
Database schema initialized successfully
Ghosts seeded successfully
Database schema initialized successfully
Ghosts seeded successfully
Database schema initialized successfully
Ghosts seeded successfully
Database schema initialized successfully
Ghosts seeded successfully
Database schema initialized successfully
Ghosts seeded successfully
Database schema initialized successfully
Ghosts seeded successfully
Database schema initialized successfully
Ghosts seeded successfully
Database schema initialized successfully
Ghosts seeded successfully
Database schema initialized successfully
Ghosts seeded successfully
Database schema initialized successfully
Ghosts seeded successfully
Database schema initialized successfully
Ghosts seeded successfully
Database schema initialized successfully
Ghosts seeded successfully
Database schema initialized successfully
Ghosts seeded successfully
Database schema initialized successfully
Ghosts seeded successfully
Database schema initialized successfully
Ghosts seeded successfully
Database schema initialized successfully
Ghosts seeded successfully
Database schema initialized successfully
Ghosts seeded successfully
Database schema initialized successfully
Ghosts seeded successfully
Database schema initialized successfully
Ghosts seeded successfully
Database schema initialized successfully
Ghosts seeded successfully
Database schema initialized successfully
Ghosts seeded successfully
Database schema initialized successfully
Ghosts seeded successfully
Database schema initialized successfully
Ghosts seeded successfully
Database schema initialized successfully
Ghosts seeded successfully
Database schema initialized successfully
Ghosts seeded successfully
Database schema initialized successfully
Ghosts seeded successfully
Database schema initialized successfully
Ghosts seeded successfully
Database schema initialized successfully
Ghosts seeded successfully
Database schema initialized successfully
Ghosts seeded successfully
Database schema initialized successfully
Ghosts seeded successfully
Database schema initialized successfully
Ghosts seeded successfully
Database schema initialized successfully
Ghosts seeded successfully
Database schema initialized successfully
Ghosts seeded successfully
Database schema initialized successfully
Ghosts seeded successfully
Database schema initialized successfully
Ghosts seeded successfully
Database schema initialized successfully
Ghosts seeded successfully
Database schema initialized successfully
Ghosts seeded successfully
Database schema initialized successfully
Ghosts seeded successfully
Database schema initialized successfully
Ghosts seeded successfully
Database schema initialized successfully
Ghosts seeded successfully
Database schema initialized successfully
Ghosts seeded successfully
Database schema initialized successfully
Ghosts seeded successfully
Database schema initialized successfully
Ghosts seeded successfully
Database schema initialized successfully
Ghosts seeded successfully
Database schema initialized successfully
Ghosts seeded successfully
Database schema initialized successfully
Ghosts seeded successfully
Database schema initialized successfully
Ghosts seeded successfully
Database schema initialized successfully
Ghosts seeded successfully
Database schema initialized successfully
Ghosts seeded successfully
Database schema initialized successfully
Ghosts seeded successfully
Database schema initialized successfully
Ghosts seeded successfully
Database schema initialized successfully
Ghosts seeded successfully
Database schema initialized successfully
Ghosts seeded successfully
Database schema initialized successfully
Ghosts seeded successfully
Database schema initialized successfully
Ghosts seeded successfully
Database schema initialized successfully
Ghosts seeded successfully
Database schema initialized successfully
Ghosts seeded successfully
Database schema initialized successfully
Ghosts seeded successfully
Database schema initialized successfully
Ghosts seeded successfully
Database schema initialized successfully
Ghosts seeded successfully
Database schema initialized successfully
Ghosts seeded successfully
Database schema initialized successfully
Ghosts seeded successfully
Database schema initialized successfully
Ghosts seeded successfully
Database schema initialized successfully
Ghosts seeded successfully
Database schema initialized successfully
Ghosts seeded successfully
Database schema initialized successfully
Ghosts seeded successfully
Database schema initialized successfully
Ghosts seeded successfully
Database schema initialized successfully
Ghosts seeded successfully
Database schema initialized successfully
Ghosts seeded successfully
Database schema initialized successfully
Ghosts seeded successfully
Database schema initialized successfully
Ghosts seeded successfully
Database schema initialized successfully
Ghosts seeded successfully
Database schema initialized successfully
Ghosts seeded successfully
Database schema initialized successfully
Ghosts seeded successfully
Database schema initialized successfully
Ghosts seeded successfully
Database schema initialized successfully
Ghosts seeded successfully
Database schema initialized successfully
Ghosts seeded successfully
Database schema initialized successfully
Ghosts seeded successfully
Database schema initialized successfully
Ghosts seeded successfully
Database schema initialized successfully
Ghosts seeded successfully
Database schema initialized successfully
Ghosts seeded successfully
Database schema initialized successfully
Ghosts seeded successfully
Database schema initialized successfully
Ghosts seeded successfully
Database schema initialized successfully
Ghosts seeded successfully
Database schema initialized successfully
Ghosts seeded successfully
Database schema initialized successfully
Ghosts seeded successfully
Database schema initialized successfully
Ghosts seeded successfully
Database schema initialized successfully
Ghosts seeded successfully
Database schema initialized successfully
Ghosts seeded successfully
Database schema initialized successfully
Ghosts seeded successfully
Database schema initialized successfully
Ghosts seeded successfully
Database schema initialized successfully
Ghosts seeded successfully
Database schema initialized successfully
Ghosts seeded successfully
Database schema initialized successfully
Ghosts seeded successfully
Database schema initialized successfully
Ghosts seeded successfully
Database schema initialized successfully
Ghosts seeded successfully
Database schema initialized successfully
Ghosts seeded successfully
Database schema initialized successfully
Ghosts seeded successfully
Database schema initialized successfully
Ghosts seeded successfully
Database schema initialized successfully
Ghosts seeded successfully
Database schema initialized successfully
Ghosts seeded successfully
Database schema initialized successfully
Ghosts seeded successfully
Database schema initialized successfully
Ghosts seeded successfully
Database schema initialized successfully
Ghosts seeded successfully
Database schema initialized successfully
Ghosts seeded successfully
Database schema initialized successfully
Ghosts seeded successfully
Database schema initialized successfully
Ghosts seeded successfully
Database schema initialized successfully
Ghosts seeded successfully
Database schema initialized successfully
Ghosts seeded successfully
Database schema initialized successfully
Ghosts seeded successfully
Database schema initialized successfully
Ghosts seeded successfully
Database schema initialized successfully
Ghosts seeded successfully
Database schema initialized successfully
Ghosts seeded successfully
Database schema initialized successfully
Ghosts seeded successfully
Database schema initialized successfully
Ghosts seeded successfully
Database schema initialized successfully
Ghosts seeded successfully
Database schema initialized successfully
Ghosts seeded successfully
Database schema initialized successfully
Ghosts seeded successfully
Database schema initialized successfully
Ghosts seeded successfully
Database schema initialized successfully
Ghosts seeded successfully
Database schema initialized successfully
Ghosts seeded successfully
Database schema initialized successfully
Ghosts seeded successfully
Database schema initialized successfully
Ghosts seeded successfully
Database schema initialized successfully
Ghosts seeded successfully
Database schema initialized successfully
Ghosts seeded successfully
Database schema initialized successfully
Ghosts seeded successfully
Database schema initialized successfully
Ghosts seeded successfully
Database schema initialized successfully
Ghosts seeded successfully
Database schema initialized successfully
Ghosts seeded successfully
Database schema initialized successfully
Ghosts seeded successfully
Database schema initialized successfully
Ghosts seeded successfully
Database schema initialized successfully
Ghosts seeded successfully
Database schema initialized successfully
Ghosts seeded successfully
Database schema initialized successfully
Ghosts seeded successfully
Database schema initialized successfully
Ghosts seeded successfully
Database schema initialized successfully
Ghosts seeded successfully
Database schema initialized successfully
Ghosts seeded successfully
Database schema initialized successfully
Ghosts seeded successfully
Database schema initialized successfully
Ghosts seeded successfully
Database schema initialized successfully
Ghosts seeded successfully
Database schema initialized successfully
Ghosts seeded successfully
Database schema initialized successfully
Ghosts seeded successfully
Database schema initialized successfully
Ghosts seeded successfully
Database schema initialized successfully
Ghosts seeded successfully
Database schema initialized successfully
Ghosts seeded successfully
Database schema initialized successfully
Ghosts seeded successfully
Database schema initialized successfully
Ghosts seeded successfully
Database schema initialized successfully
Ghosts seeded successfully
Database schema initialized successfully
Ghosts seeded successfully
Database schema initialized successfully
Ghosts seeded successfully
Database schema initialized successfully
Ghosts seeded successfully
Database schema initialized successfully
Ghosts seeded successfully
Database schema initialized successfully
Ghosts seeded successfully
Database schema initialized successfully
Ghosts seeded successfully
Database schema initialized successfully
Ghosts seeded successfully
Database schema initialized successfully
Ghosts seeded successfully
Database schema initialized successfully
Ghosts seeded successfully
Database schema initialized successfully
Ghosts seeded successfully
Database schema initialized successfully
Ghosts seeded successfully
Database schema initialized successfully
Ghosts seeded successfully
Database schema initialized successfully
Ghosts seeded successfully
Database schema initialized successfully
Ghosts seeded successfully
Database schema initialized successfully
Ghosts seeded successfully
Database schema initialized successfully
Ghosts seeded successfully
Database schema initialized successfully
Ghosts seeded successfully
Database schema initialized successfully
Ghosts seeded successfully
Database schema initialized successfully
Ghosts seeded successfully
Database schema initialized successfully
Ghosts seeded successfully
Database schema initialized successfully
Ghosts seeded successfully
Database schema initialized successfully
Ghosts seeded successfully
Database schema initialized successfully
Ghosts seeded successfully
Database schema initialized successfully
Ghosts seeded successfully
Database schema initialized successfully
Ghosts seeded successfully
Database schema initialized successfully
Ghosts seeded successfully
Database schema initialized successfully
Ghosts seeded successfully
Database schema initialized successfully
Ghosts seeded successfully
Database schema initialized successfully
Ghosts seeded successfully
Database schema initialized successfully
Ghosts seeded successfully
Database schema initialized successfully
Ghosts seeded successfully
Database schema initialized successfully
Ghosts seeded successfully
Database schema initialized successfully
Ghosts seeded successfully
Database schema initialized successfully
Ghosts seeded successfully
Database schema initialized successfully
Ghosts seeded successfully
Database schema initialized successfully
Ghosts seeded successfully
Database schema initialized successfully
Ghosts seeded successfully
Database schema initialized successfully
Ghosts seeded successfully
Database schema initialized successfully
Ghosts seeded successfully
Database schema initialized successfully
Ghosts seeded successfully
Database schema initialized successfully
Ghosts seeded successfully
Database schema initialized successfully
Ghosts seeded successfully
Database schema initialized successfully
Ghosts seeded successfully
Database schema initialized successfully
Ghosts seeded successfully
Database schema initialized successfully
Ghosts seeded successfully
Database schema initialized successfully
Ghosts seeded successfully
Database schema initialized successfully
Ghosts seeded successfully
Database schema initialized successfully
Ghosts seeded successfully
Database schema initialized successfully
Ghosts seeded successfully
Database schema initialized successfully
Ghosts seeded successfully
Database schema initialized successfully
Ghosts seeded successfully
Database schema initialized successfully
Ghosts seeded successfully
Database schema initialized successfully
Ghosts seeded successfully
Database schema initialized successfully
Ghosts seeded successfully
Database schema initialized successfully
Ghosts seeded successfully
Database schema initialized successfully
Ghosts seeded successfully
Database schema initialized successfully
Ghosts seeded successfully
Database schema initialized successfully
Ghosts seeded successfully
Database schema initialized successfully
Ghosts seeded successfully
Database schema initialized successfully
Ghosts seeded successfully
Database schema initialized successfully
Ghosts seeded successfully
Database schema initialized successfully
Ghosts seeded successfully
Database schema initialized successfully
Ghosts seeded successfully
Database schema initialized successfully
Ghosts seeded successfully
Database schema initialized successfully
Ghosts seeded successfully
Database schema initialized successfully
Ghosts seeded successfully
Database schema initialized successfully
Ghosts seeded successfully
Database schema initialized successfully
Ghosts seeded successfully
Database schema initialized successfully
Ghosts seeded successfully
Database schema initialized successfully
Ghosts seeded successfully
Database schema initialized successfully
Ghosts seeded successfully
Database schema initialized successfully
Ghosts seeded successfully
Database schema initialized successfully
Ghosts seeded successfully
Database schema initialized successfully
Ghosts seeded successfully
Database schema initialized successfully
Ghosts seeded successfully
Database schema initialized successfully
Ghosts seeded successfully
Database schema initialized successfully
Ghosts seeded successfully
Database schema initialized successfully
Ghosts seeded successfully
Database schema initialized successfully
Ghosts seeded successfully
Database schema initialized successfully
Ghosts seeded successfully
Database schema initialized successfully
Ghosts seeded successfully
Database schema initialized successfully
Ghosts seeded successfully
Database schema initialized successfully
Ghosts seeded successfully
Database schema initialized successfully
Ghosts seeded successfully
Database schema initialized successfully
Ghosts seeded successfully
Database schema initialized successfully
Ghosts seeded successfully
Database schema initialized successfully
Ghosts seeded successfully
Database schema initialized successfully
Ghosts seeded successfully
Database schema initialized successfully
Ghosts seeded successfully
Database schema initialized successfully
Ghosts seeded successfully
Database schema initialized successfully
Ghosts seeded successfully
Database schema initialized successfully
Ghosts seeded successfully
Database schema initialized successfully
Ghosts seeded successfully
Database schema initialized successfully
Ghosts seeded successfully
Database schema initialized successfully
Ghosts seeded successfully
Database schema initialized successfully
Ghosts seeded successfully
Database schema initialized successfully
Ghosts seeded successfully
Database schema initialized successfully
Ghosts seeded successfully
Database schema initialized successfully
Ghosts seeded successfully
Database schema initialized successfully
Ghosts seeded successfully
Database schema initialized successfully
Ghosts seeded successfully
Database schema initialized successfully
Ghosts seeded successfully
Database schema initialized successfully
Ghosts seeded successfully
Database schema initialized successfully
Ghosts seeded successfully
Database schema initialized successfully
Ghosts seeded successfully
Database schema initialized successfully
Ghosts seeded successfully
Database schema initialized successfully
Ghosts seeded successfully
Database schema initialized successfully
Ghosts seeded successfully
Database schema initialized successfully
Ghosts seeded successfully
Database schema initialized successfully
Ghosts seeded successfully
Database schema initialized successfully
Ghosts seeded successfully
Database schema initialized successfully
Ghosts seeded successfully
Database schema initialized successfully
Ghosts seeded successfully
Database schema initialized successfully
Ghosts seeded successfully
Database schema initialized successfully
Ghosts seeded successfully
Database schema initialized successfully
Ghosts seeded successfully
Database schema initialized successfully
Ghosts seeded successfully
Database schema initialized successfully
Ghosts seeded successfully
Database schema initialized successfully
Ghosts seeded successfully
Database schema initialized successfully
Ghosts seeded successfully
Database schema initialized successfully
Ghosts seeded successfully
Database schema initialized successfully
Ghosts seeded successfully
Database schema initialized successfully
Ghosts seeded successfully
Database schema initialized successfully
Ghosts seeded successfully
Database schema initialized successfully
Ghosts seeded successfully
Database schema initialized successfully
Ghosts seeded successfully
Database schema initialized successfully
Ghosts seeded successfully
Database schema initialized successfully
Ghosts seeded successfully
Database schema initialized successfully
Ghosts seeded successfully
Database schema initialized successfully
Ghosts seeded successfully
Database schema initialized successfully
Ghosts seeded successfully
Database schema initialized successfully
Ghosts seeded successfully
Database schema initialized successfully
Ghosts seeded successfully
Database schema initialized successfully
Ghosts seeded successfully
Database schema initialized successfully
Ghosts seeded successfully
Database schema initialized successfully
Ghosts seeded successfully
Database schema initialized successfully
Ghosts seeded successfully
Database schema initialized successfully
Ghosts seeded successfully
Database schema initialized successfully
Ghosts seeded successfully
Database schema initialized successfully
Ghosts seeded successfully
Database schema initialized successfully
Ghosts seeded successfully
Database schema initialized successfully
Ghosts seeded successfully
Database schema initialized successfully
Ghosts seeded successfully
Database schema initialized successfully
Ghosts seeded successfully
Database schema initialized successfully
Ghosts seeded successfully
Database schema initialized successfully
Ghosts seeded successfully
Database schema initialized successfully
Ghosts seeded successfully
Database schema initialized successfully
Ghosts seeded successfully
Database schema initialized successfully
Ghosts seeded successfully
Database schema initialized successfully
Ghosts seeded successfully
Database schema initialized successfully
Ghosts seeded successfully
Database schema initialized successfully
Ghosts seeded successfully
Database schema initialized successfully
Ghosts seeded successfully
Database schema initialized successfully
Ghosts seeded successfully
Database schema initialized successfully
Ghosts seeded successfully
Database schema initialized successfully
Ghosts seeded successfully
Database schema initialized successfully
Ghosts seeded successfully
Database schema initialized successfully
Ghosts seeded successfully
Database schema initialized successfully
Ghosts seeded successfully
Database schema initialized successfully
Ghosts seeded successfully
Database schema initialized successfully
Ghosts seeded successfully
Database schema initialized successfully
Ghosts seeded successfully
Database schema initialized successfully
Ghosts seeded successfully
Database schema initialized successfully
Ghosts seeded successfully
Database schema initialized successfully
Ghosts seeded successfully
Database schema initialized successfully
Ghosts seeded successfully
Database schema initialized successfully
Ghosts seeded successfully
Database schema initialized successfully
Ghosts seeded successfully
Database schema initialized successfully
Ghosts seeded successfully
Database schema initialized successfully
Ghosts seeded successfully
Database schema initialized successfully
Ghosts seeded successfully
Database schema initialized successfully
Ghosts seeded successfully
Database schema initialized successfully
Ghosts seeded successfully
Database schema initialized successfully
Ghosts seeded successfully
Database schema initialized successfully
Ghosts seeded successfully
Database schema initialized successfully
Ghosts seeded successfully
Database schema initialized successfully
Ghosts seeded successfully
Database schema initialized successfully
Ghosts seeded successfully
Database schema initialized successfully
Ghosts seeded successfully
Database schema initialized successfully
Ghosts seeded successfully
Database schema initialized successfully
Ghosts seeded successfully
Database schema initialized successfully
Ghosts seeded successfully
Database schema initialized successfully
Ghosts seeded successfully
Database schema initialized successfully
Ghosts seeded successfully
Database schema initialized successfully
Ghosts seeded successfully
Database schema initialized successfully
Ghosts seeded successfully
Database schema initialized successfully
Ghosts seeded successfully
Database schema initialized successfully
Ghosts seeded successfully
Database schema initialized successfully
Ghosts seeded successfully
Database schema initialized successfully
Ghosts seeded successfully
Database schema initialized successfully
Ghosts seeded successfully
Database schema initialized successfully
Ghosts seeded successfully
Database schema initialized successfully
Ghosts seeded successfully
Database schema initialized successfully
Ghosts seeded successfully
Database schema initialized successfully
Ghosts seeded successfully
Database schema initialized successfully
Ghosts seeded successfully
Database schema initialized successfully
Ghosts seeded successfully
Database schema initialized successfully
Ghosts seeded successfully
Database schema initialized successfully
Ghosts seeded successfully
Database schema initialized successfully
Ghosts seeded successfully
Database schema initialized successfully
Ghosts seeded successfully
Database schema initialized successfully
Ghosts seeded successfully
Database schema initialized successfully
Ghosts seeded successfully
Database schema initialized successfully
Ghosts seeded successfully
Database schema initialized successfully
Ghosts seeded successfully
Database schema initialized successfully
Ghosts seeded successfully
Database schema initialized successfully
Ghosts seeded successfully
Database schema initialized successfully
Ghosts seeded successfully
Database schema initialized successfully
Ghosts seeded successfully
Database schema initialized successfully
Ghosts seeded successfully
Database schema initialized successfully
Ghosts seeded successfully
Database schema initialized successfully
Ghosts seeded successfully
Database schema initialized successfully
Ghosts seeded successfully
Database schema initialized successfully
Ghosts seeded successfully
Database schema initialized successfully
Ghosts seeded successfully
Database schema initialized successfully
Ghosts seeded successfully
Database schema initialized successfully
Ghosts seeded successfully
Database schema initialized successfully
Ghosts seeded successfully
Database schema initialized successfully
Ghosts seeded successfully
Database schema initialized successfully
Ghosts seeded successfully
Database schema initialized successfully
Ghosts seeded successfully
Database schema initialized successfully
Ghosts seeded successfully
Database schema initialized successfully
Ghosts seeded successfully
Database schema initialized successfully
Ghosts seeded successfully
Database schema initialized successfully
Ghosts seeded successfully
Database schema initialized successfully
Ghosts seeded successfully
Database schema initialized successfully
Ghosts seeded successfully
Database schema initialized successfully
Ghosts seeded successfully
Database schema initialized successfully
Ghosts seeded successfully
Database schema initialized successfully
Ghosts seeded successfully
Database schema initialized successfully
Ghosts seeded successfully
Database schema initialized successfully
Ghosts seeded successfully
Database schema initialized successfully
Ghosts seeded successfully
Database schema initialized successfully
Ghosts seeded successfully
Database schema initialized successfully
Ghosts seeded successfully
Database schema initialized successfully
Ghosts seeded successfully
Database schema initialized successfully
Ghosts seeded successfully
Database schema initialized successfully
Ghosts seeded successfully
Database schema initialized successfully
Ghosts seeded successfully
Database schema initialized successfully
Ghosts seeded successfully
Database schema initialized successfully
Ghosts seeded successfully
Database schema initialized successfully
Ghosts seeded successfully
Database schema initialized successfully
Ghosts seeded successfully
Database schema initialized successfully
Ghosts seeded successfully
Database schema initialized successfully
Ghosts seeded successfully
Database schema initialized successfully
Ghosts seeded successfully
Database schema initialized successfully
Ghosts seeded successfully
Database schema initialized successfully
Ghosts seeded successfully
Database schema initialized successfully
Ghosts seeded successfully
Database schema initialized successfully
Ghosts seeded successfully
Database schema initialized successfully
Ghosts seeded successfully
Database schema initialized successfully
Ghosts seeded successfully
Database schema initialized successfully
Ghosts seeded successfully
Database schema initialized successfully
Ghosts seeded successfully
Database schema initialized successfully
Ghosts seeded successfully
Database schema initialized successfully
Ghosts seeded successfully
Database schema initialized successfully
Ghosts seeded successfully
Database schema initialized successfully
Ghosts seeded successfully
Database schema initialized successfully
Ghosts seeded successfully
Database schema initialized successfully
Ghosts seeded successfully
Database schema initialized successfully
Ghosts seeded successfully
Database schema initialized successfully
Ghosts seeded successfully
Database schema initialized successfully
Ghosts seeded successfully
Database schema initialized successfully
Ghosts seeded successfully
Database schema initialized successfully
Ghosts seeded successfully
Database schema initialized successfully
Ghosts seeded successfully
Database schema initialized successfully
Ghosts seeded successfully
Database schema initialized successfully
Ghosts seeded successfully
Database schema initialized successfully
Ghosts seeded successfully
Database schema initialized successfully
Ghosts seeded successfully
Database schema initialized successfully
Ghosts seeded successfully
Database schema initialized successfully
Ghosts seeded successfully
Database schema initialized successfully
Ghosts seeded successfully
Database schema initialized successfully
Ghosts seeded successfully
Database schema initialized successfully
Ghosts seeded successfully
Database schema initialized successfully
Ghosts seeded successfully
Database schema initialized successfully
Ghosts seeded successfully
Database schema initialized successfully
Ghosts seeded successfully
Database schema initialized successfully
Ghosts seeded successfully
Database schema initialized successfully
Ghosts seeded successfully
Database schema initialized successfully
Ghosts seeded successfully
Database schema initialized successfully
Ghosts seeded successfully
Database schema initialized successfully
Ghosts seeded successfully
Database schema initialized successfully
Ghosts seeded successfully
Database schema initialized successfully
Ghosts seeded successfully
Database schema initialized successfully
Ghosts seeded successfully
Database schema initialized successfully
Ghosts seeded successfully
Database schema initialized successfully
Ghosts seeded successfully
Database schema initialized successfully
Ghosts seeded successfully
Database schema initialized successfully
Ghosts seeded successfully
Database schema initialized successfully
Ghosts seeded successfully
Database schema initialized successfully
Ghosts seeded successfully
Database schema initialized successfully
Ghosts seeded successfully
Database schema initialized successfully
Ghosts seeded successfully
Database schema initialized successfully
Ghosts seeded successfully
Database schema initialized successfully
Ghosts seeded successfully
Database schema initialized successfully
Ghosts seeded successfully
Database schema initialized successfully
Ghosts seeded successfully
